customer_id,first_name,last_name,email,street,credit_provider,four_digit,country_id
51774,Julie,Torris,julie.torris@gmail.com,1152 Larry Gardens,VISA 13 digit,1061,0
73723,Michael,Lewis,michael.lewis@gmail.com,5200 Jordan Forest Suite 193,VISA 16 digit,2016,1
88794,Sandra,Pauly,sandra.pauly@gmail.com,9264 Stewart Plains Apt. 221,Discover,3072,2
65872,Arica,Ward,arica.ward@gmail.com,064 Michael Corner Apt. 028,Discover,9283,3
64923,Larry,Cervantes,larry.cervantes@gmail.com,6166 Sanders Brooks,Discover,5715,4
50758,Eldridge,Dennis,eldridge.dennis@gmail.com,967 Rodriguez Radial Suite 587,JCB 16 digit,9356,5
69893,Autumn,Sawtelle,autumn.sawtelle@gmail.com,508 Amy Ports Suite 586,VISA 19 digit,8589,6
96666,Marjorie,Torrence,marjorie.torrence@gmail.com,89146 Morales Drive Suite 057,Discover,7009,7
68605,Shelby,Rivera,shelby.rivera@gmail.com,867 Lisa Estate Apt. 121,JCB 16 digit,5492,8
81013,Dwight,Willis,dwight.willis@gmail.com,96709 Shepherd Plaza Apt. 588,VISA 16 digit,9504,9
10400,Ashley,Humiston,ashley.humiston@gmail.com,721 Matthew Cliff Apt. 501,Mastercard,2339,10
61553,Jean,Anderson,jean.anderson@gmail.com,678 Julia Greens,Discover,3652,11
90951,Benjamin,Davila,benjamin.davila@gmail.com,171 Pittman Ways Apt. 806,JCB 15 digit,7896,12
4577,Alicia,Jones,alicia.jones@gmail.com,413 Stephanie Pines,VISA 16 digit,6394,13
89853,Mary,Vanbrunt,mary.vanbrunt@gmail.com,45812 Amber Motorway,JCB 15 digit,1384,14
8940,Darryl,Balliew,darryl.balliew@gmail.com,243 Wilson Bridge,VISA 16 digit,6011,15
87220,Thomas,Goodman,thomas.goodman@gmail.com,9593 Hernandez Wells,American Express,6277,16
14194,Pamela,Basile,pamela.basile@gmail.com,01371 Christine Ferry Apt. 001,Mastercard,8224,17
83163,Robert,Dyas,robert.dyas@gmail.com,95158 Thompson Summit Apt. 594,VISA 19 digit,7322,18
85556,Joseph,Guerra,joseph.guerra@gmail.com,03264 Peters Brooks,Maestro,4917,19
64127,Thomas,Harrell,thomas.harrell@gmail.com,1892 Schmidt Spurs,Diners Club / Carte Blanche,6159,20
45585,Marva,Martinez,marva.martinez@gmail.com,05490 Eddie Ford,VISA 19 digit,5698,21
94761,James,Fields,james.fields@gmail.com,791 Gallegos Glens,JCB 16 digit,4472,22
77511,Michael,Foote,michael.foote@gmail.com,65544 Kevin Forges Apt. 971,Maestro,7535,23
6701,Kyle,Gray,kyle.gray@gmail.com,32565 Douglas Trail Suite 673,Discover,7081,24
48481,Gertrude,Carter,gertrude.carter@gmail.com,2451 Burnett Overpass Suite 043,JCB 16 digit,2703,25
63038,Michael,Abrew,michael.abrew@gmail.com,261 Johnson Extensions Suite 296,VISA 16 digit,4268,26
27375,Calvin,Chafin,calvin.chafin@gmail.com,0577 Jones Canyon Apt. 950,Discover,6112,27
16214,Robert,Hood,robert.hood@gmail.com,087 Eaton Passage,VISA 16 digit,5045,28
9777,Herlinda,Tsosie,herlinda.tsosie@gmail.com,198 Ernest Canyon Apt. 212,Mastercard,6863,29
94894,Nathaniel,Walsh,nathaniel.walsh@gmail.com,9525 Reginald Throughway,VISA 13 digit,3334,30
83724,Christopher,Morton,christopher.morton@gmail.com,477 Ellen Court Apt. 704,JCB 16 digit,8215,31
6329,Jeri,Caldwell,jeri.caldwell@gmail.com,076 Sharon Greens Suite 101,VISA 19 digit,1766,19
78333,Kimberly,Alday,kimberly.alday@gmail.com,07206 Tucker Isle,JCB 15 digit,8741,11
17348,Marcus,Ellis,marcus.ellis@gmail.com,0508 Mindy Squares Apt. 762,Mastercard,4878,32
46246,Natasha,Cullinan,natasha.cullinan@gmail.com,446 Zachary Passage Apt. 237,Maestro,9532,33
74709,Stephen,Smith,stephen.smith@gmail.com,455 Torres Greens Apt. 285,Diners Club / Carte Blanche,6762,34
67655,Herbert,Burgos,herbert.burgos@gmail.com,434 Wright Parkway,Maestro,6588,35
55379,Lee,Seeger,lee.seeger@gmail.com,0425 Alexandra Corners Apt. 339,VISA 16 digit,9713,36
20911,Alma,Lesky,alma.lesky@gmail.com,12001 David Ville,Discover,9387,37
97924,Mark,Mackson,mark.mackson@gmail.com,490 Schneider Common,JCB 16 digit,6237,38
25165,Jannette,Kong,jannette.kong@gmail.com,407 Taylor Roads Suite 773,American Express,5740,39
53016,Diana,Mcclanahan,diana.mcclanahan@gmail.com,72720 Michael Squares,JCB 15 digit,2032,40
88685,Geraldo,Peron,geraldo.peron@gmail.com,26469 Brent Bypass,Discover,4603,41
31563,Timothy,Grimes,timothy.grimes@gmail.com,8182 Cody Points Apt. 274,American Express,5397,42
46877,Loren,Mcclendon,loren.mcclendon@gmail.com,154 Anthony Road Suite 821,JCB 15 digit,7559,43
98562,Claudine,Burdell,claudine.burdell@gmail.com,4990 Meyer Mountains Apt. 368,JCB 16 digit,7704,44
3654,Russell,Barnes,russell.barnes@gmail.com,40067 Mcknight Springs Apt. 623,JCB 16 digit,3420,45
26173,Robert,Ornelas,robert.ornelas@gmail.com,322 Taylor Well,VISA 16 digit,2763,29
18638,Mark,Gibson,mark.gibson@gmail.com,6893 Nicholas Mission,JCB 15 digit,5626,46
58490,Harry,Uribe,harry.uribe@gmail.com,792 Strickland Freeway Apt. 365,VISA 13 digit,2195,47
68890,Jill,Parker,jill.parker@gmail.com,88326 Suarez Shores,Mastercard,7824,48
33676,Mark,Daulton,mark.daulton@gmail.com,705 Chelsea Lakes,Mastercard,3021,49
71362,Andrew,Lamberth,andrew.lamberth@gmail.com,2929 Victoria Mountain Apt. 033,Discover,4853,50
66354,Jerry,Mitchell,jerry.mitchell@gmail.com,448 Gardner Greens Suite 259,Diners Club / Carte Blanche,9317,27
12204,Rose,Jenkins,rose.jenkins@gmail.com,66184 Lowe Villages Suite 729,JCB 16 digit,7071,51
85805,Donna,Roberts,donna.roberts@gmail.com,523 Lopez Haven Apt. 911,VISA 16 digit,6927,52
21061,Ruth,Roth,ruth.roth@gmail.com,035 Crystal Mountain,VISA 16 digit,1291,13
1514,Denise,Garretson,denise.garretson@gmail.com,5956 Gina Dam Apt. 922,JCB 16 digit,1150,4
27954,Fausto,Bedgood,fausto.bedgood@gmail.com,3165 Gray Points,Diners Club / Carte Blanche,3074,53
26590,Jonie,Brown,jonie.brown@gmail.com,58314 Miguel Mountain Apt. 402,VISA 13 digit,2110,4
52740,Amanda,Perez,amanda.perez@gmail.com,3864 Rosario Branch,Mastercard,6147,54
15908,Elizabeth,Robertson,elizabeth.robertson@gmail.com,920 Jonathon Crossing Apt. 462,VISA 13 digit,1897,55
79843,Juanita,Jones,juanita.jones@gmail.com,7328 Miller Turnpike Suite 349,Diners Club / Carte Blanche,5729,56
98229,Patricia,Maas,patricia.maas@gmail.com,14199 Yvonne Cliff Suite 942,JCB 15 digit,9397,4
42457,Ruth,Aguilar,ruth.aguilar@gmail.com,1332 Johnson Court Apt. 713,VISA 16 digit,8573,57
65997,Jan,Ramsey,jan.ramsey@gmail.com,90291 Lewis Tunnel,VISA 16 digit,1511,58
73459,Jeff,Adams,jeff.adams@gmail.com,07782 Hansen Walks,VISA 19 digit,1860,19
25980,Nelson,Mieles,nelson.mieles@gmail.com,3953 Kylie Roads,Maestro,5066,59
75992,Terrell,Blaney,terrell.blaney@gmail.com,1137 Smith Islands,Mastercard,7815,60
82551,Jonell,Wallace,jonell.wallace@gmail.com,7977 Johnathan Junctions,JCB 15 digit,8689,61
77989,Frank,Barnes,frank.barnes@gmail.com,012 Shaun Skyway,JCB 15 digit,2163,62
71909,Sue,Ivey,sue.ivey@gmail.com,93489 Tyrone Cliff Suite 649,Mastercard,6298,63
59185,James,Johnson,james.johnson@gmail.com,87563 Reynolds Loaf Suite 465,JCB 16 digit,6180,64
67353,Juanita,Baker,juanita.baker@gmail.com,0425 James Cliff,American Express,8772,65
71451,Dustin,Fritz,dustin.fritz@gmail.com,786 Rogers Branch,JCB 16 digit,3613,66
8046,Molly,Cardenas,molly.cardenas@gmail.com,3053 Christopher Ranch,VISA 19 digit,8809,3
8855,Glenn,Kelsey,glenn.kelsey@gmail.com,570 Nielsen Vista Apt. 863,Discover,2798,67
94582,Patrick,Cochran,patrick.cochran@gmail.com,11320 Martinez Center Suite 672,JCB 15 digit,4952,68
1205,Jonathan,Ring,jonathan.ring@gmail.com,49791 Allen Flats Suite 084,Discover,3140,69
26064,Corey,Mccurdy,corey.mccurdy@gmail.com,68576 Rogers Center,JCB 16 digit,2503,70
31675,Myrtle,Tucker,myrtle.tucker@gmail.com,649 Guerrero Plaza,VISA 16 digit,3729,71
34121,Cheryl,Johnson,cheryl.johnson@gmail.com,3054 Dennis Underpass,Mastercard,6225,40
40785,Shawn,Purvis,shawn.purvis@gmail.com,23418 Rollins Landing,JCB 15 digit,1753,72
67188,Neil,Lunsford,neil.lunsford@gmail.com,96658 Singh Springs Suite 017,American Express,8659,73
30299,Max,Scott,max.scott@gmail.com,233 Harrison Ridges,VISA 19 digit,6073,74
753,Jacqueline,Leath,jacqueline.leath@gmail.com,03147 Cynthia Springs,VISA 19 digit,9596,52
88469,Doris,Bradberry,doris.bradberry@gmail.com,11277 Abigail Green,American Express,8340,75
28698,Jennifer,Johnson,jennifer.johnson@gmail.com,60231 Wright Lodge Suite 830,VISA 16 digit,6315,76
72628,James,Sartain,james.sartain@gmail.com,47840 Chambers Canyon,VISA 19 digit,4198,77
702,Thomas,Rupp,thomas.rupp@gmail.com,7131 Barker Mills Apt. 336,Diners Club / Carte Blanche,3985,78
84313,Donald,Barger,donald.barger@gmail.com,633 Gina Light,Maestro,4885,22
51983,Lauren,Thomas,lauren.thomas@gmail.com,35921 Morales Club,JCB 16 digit,6100,79
741,Thomas,Straus,thomas.straus@gmail.com,8134 Young Villages Suite 926,Discover,4423,20
20101,James,Miller,james.miller@gmail.com,1957 Gould Road,Discover,8204,80
43325,Amy,Pendergrass,amy.pendergrass@gmail.com,32995 Jason Trail Suite 304,American Express,6373,50
46915,Mary,Ortiz,mary.ortiz@gmail.com,1694 Benjamin Crest Suite 093,JCB 16 digit,2955,50
46374,James,Anderson,james.anderson@gmail.com,1326 Mclaughlin Fields Apt. 090,American Express,3897,52
23155,Kelly,Gray,kelly.gray@gmail.com,59779 Jones Views Suite 079,VISA 16 digit,4460,43
72932,Mary,Kirker,mary.kirker@gmail.com,41650 Burke Branch Suite 988,VISA 16 digit,4989,81
21088,Donald,Maxcy,donald.maxcy@gmail.com,8919 Brenda Fork,JCB 16 digit,6740,82
29210,Karen,Scales,karen.scales@gmail.com,16519 Wu Manors Apt. 430,Diners Club / Carte Blanche,5906,83
20554,Jennifer,Davis,jennifer.davis@gmail.com,0999 Garcia Motorway Apt. 021,VISA 19 digit,9042,84
94698,Louise,Hodnett,louise.hodnett@gmail.com,573 Harrington Field Apt. 510,Discover,1911,39
5351,Anthony,Romanelli,anthony.romanelli@gmail.com,84819 Mullins Port Apt. 604,Diners Club / Carte Blanche,9309,85
75732,May,Thornton,may.thornton@gmail.com,56364 Michael Court,VISA 19 digit,5402,86
55758,Anna,Godinho,anna.godinho@gmail.com,173 Brian Parks Suite 924,Diners Club / Carte Blanche,6232,13
3914,Larry,Montoya,larry.montoya@gmail.com,30059 Carey Point Suite 513,Diners Club / Carte Blanche,3040,87
57928,Sara,Hufton,sara.hufton@gmail.com,21751 Brooke Creek,Maestro,9075,88
38118,Tammy,Smith,tammy.smith@gmail.com,6138 Scott Plains,JCB 15 digit,8062,89
28168,Lorine,Wood,lorine.wood@gmail.com,25161 Sarah View Suite 889,American Express,4694,55
26114,Donna,Russell,donna.russell@gmail.com,01531 Marshall Estate Suite 213,Maestro,3797,90
60973,Lawrence,Ayres,lawrence.ayres@gmail.com,55495 James Crossing,VISA 16 digit,8456,91
49601,Pedro,Cunningham,pedro.cunningham@gmail.com,430 Abigail Mills,Maestro,8517,62
49925,Lois,Lucas,lois.lucas@gmail.com,91878 Mark Squares Apt. 860,VISA 13 digit,5545,45
91834,Sean,Pfeiffer,sean.pfeiffer@gmail.com,680 Lori Parks,JCB 16 digit,5920,92
77970,Aida,Lucena,aida.lucena@gmail.com,93853 Allison Groves,JCB 16 digit,4569,93
19317,Bradley,Jasper,bradley.jasper@gmail.com,377 Jessica Viaduct,Mastercard,3028,94
41863,Thomas,Gilmore,thomas.gilmore@gmail.com,75387 Graham Orchard Apt. 218,VISA 13 digit,4140,95
40051,Martin,Richardson,martin.richardson@gmail.com,91273 Gabrielle Lakes,American Express,2032,96
23860,Jeremy,Thrift,jeremy.thrift@gmail.com,90357 Christopher Island,Discover,6344,97
53773,Damon,Kuehnert,damon.kuehnert@gmail.com,8529 Chapman Circles,Discover,3331,84
19050,Amy,Lucas,amy.lucas@gmail.com,493 Christopher Ford Suite 350,Maestro,3495,85
67518,Margaret,Rasmusson,margaret.rasmusson@gmail.com,1316 Daniel Lakes Apt. 972,Discover,3828,98
36956,Brandon,Butler,brandon.butler@gmail.com,8125 Hunt Square,Mastercard,4272,99
11341,Betty,Knoerzer,betty.knoerzer@gmail.com,852 Salas Extensions Apt. 968,JCB 16 digit,6030,100
4176,Carol,Montoya,carol.montoya@gmail.com,24732 Wood Shore,VISA 19 digit,8534,101
5833,Warren,Schmidt,warren.schmidt@gmail.com,719 Roberts Ramp,American Express,9313,25
3253,Beverly,Seward,beverly.seward@gmail.com,165 Russell Squares,JCB 16 digit,4944,66
90636,Damon,Condon,damon.condon@gmail.com,4170 Nunez Way,American Express,1598,102
31721,Raymond,Huizar,raymond.huizar@gmail.com,9911 Savannah Forest,VISA 16 digit,3305,103
98967,Robert,Jackson,robert.jackson@gmail.com,20893 Anderson Divide,Maestro,3483,17
82783,Robert,Link,robert.link@gmail.com,22860 Christina Key,Mastercard,8484,104
40809,Alejandro,Lawson,alejandro.lawson@gmail.com,937 Carter Prairie Apt. 446,VISA 16 digit,4933,104
75131,Daniel,Leon,daniel.leon@gmail.com,112 Laura Lane Suite 904,JCB 16 digit,6741,18
52013,Juan,Acevedo,juan.acevedo@gmail.com,3660 Stephanie Common Suite 863,American Express,4213,102
3517,Henry,Nelson,henry.nelson@gmail.com,3686 Christina Prairie,Mastercard,5117,6
27093,Francesca,Laffey,francesca.laffey@gmail.com,059 Dominguez Circles,VISA 19 digit,5349,100
78153,Agnes,Uccio,agnes.uccio@gmail.com,69095 Matthew Forges,JCB 16 digit,8083,105
92429,Helen,Reece,helen.reece@gmail.com,98324 Brenda Mills,JCB 16 digit,4297,106
22809,Erin,Cook,erin.cook@gmail.com,451 Tyler Rapid,VISA 16 digit,9179,107
50477,Chester,Hunter,chester.hunter@gmail.com,028 Michelle Forest Suite 612,Maestro,9308,108
12265,Debbie,Davidson,debbie.davidson@gmail.com,91063 Vanessa Mews Apt. 905,Maestro,7373,32
21475,Fred,Knee,fred.knee@gmail.com,65614 Travis Tunnel,VISA 16 digit,7378,109
32878,Lewis,Gochal,lewis.gochal@gmail.com,599 Donald Cove,American Express,3473,110
45085,Sarah,Humphreys,sarah.humphreys@gmail.com,089 Contreras Locks Apt. 629,VISA 13 digit,3416,111
92534,Iva,Prather,iva.prather@gmail.com,962 Ryan Island,Diners Club / Carte Blanche,3235,112
33223,Peter,Thompson,peter.thompson@gmail.com,9727 Patel Crest,VISA 19 digit,8548,113
75441,John,Biancardi,john.biancardi@gmail.com,994 Tammy Throughway Apt. 715,VISA 13 digit,7569,114
64869,Patricia,Turner,patricia.turner@gmail.com,5020 Evans Square,VISA 19 digit,5312,115
98966,Neva,Baker,neva.baker@gmail.com,9027 Allen Manor,Discover,5099,116
68578,Eric,Harvey,eric.harvey@gmail.com,5312 Frank Walk,VISA 19 digit,9252,84
58340,Eugene,Castagna,eugene.castagna@gmail.com,115 Mooney Crossroad,JCB 16 digit,8473,104
99915,Deanna,Williamson,deanna.williamson@gmail.com,425 Morse Centers Apt. 008,VISA 13 digit,7631,37
83511,Joseph,Powell,joseph.powell@gmail.com,0743 Wiley Ridges,VISA 16 digit,5326,117
88266,Terrell,Mahoney,terrell.mahoney@gmail.com,07640 Heather Curve,VISA 16 digit,2501,118
89457,Gerald,Metzger,gerald.metzger@gmail.com,8921 Randy Mall,JCB 16 digit,5445,119
18822,Jason,Martinez,jason.martinez@gmail.com,634 Humphrey Meadow Suite 875,Mastercard,8778,120
90590,Ruby,Torres,ruby.torres@gmail.com,9881 Edwards Tunnel Apt. 211,VISA 16 digit,1887,121
20198,Michael,Carranza,michael.carranza@gmail.com,15452 Julie Walk,VISA 16 digit,6624,121
63485,Alice,Bernal,alice.bernal@gmail.com,51658 Bass Prairie Apt. 620,VISA 16 digit,9572,122
86701,Patricia,Smith,patricia.smith@gmail.com,788 Rosario Orchard Suite 096,JCB 15 digit,6123,71
58212,Robert,Davis,robert.davis@gmail.com,368 Erica Alley Apt. 447,VISA 13 digit,3091,76
30491,Nathaniel,Kin,nathaniel.kin@gmail.com,4322 Wells Extension,VISA 16 digit,5251,123
75658,Sara,Hinton,sara.hinton@gmail.com,1433 Garcia Passage,Discover,4362,124
6464,Harley,Slade,harley.slade@gmail.com,75173 Gibson Run,JCB 16 digit,3107,31
50543,Mattie,Taylor,mattie.taylor@gmail.com,11551 Rhonda Centers Suite 976,VISA 13 digit,4970,13
14913,John,Leblanc,john.leblanc@gmail.com,0542 Rios Place,Mastercard,6296,125
73207,Rosetta,Farris,rosetta.farris@gmail.com,5314 Tiffany Roads,Maestro,5213,101
97398,Jennifer,Torbus,jennifer.torbus@gmail.com,3115 Ochoa Ways Suite 720,VISA 16 digit,5229,10
42332,Maryalice,Doucett,maryalice.doucett@gmail.com,608 Cox Bypass,JCB 16 digit,8986,126
45804,Robert,Parrott,robert.parrott@gmail.com,877 David Roads,Discover,3596,127
26188,Donna,Johnson,donna.johnson@gmail.com,0607 Bryan Port,American Express,2141,48
12815,Mirta,Gillespie,mirta.gillespie@gmail.com,3336 John Mission,VISA 13 digit,2274,115
39172,Nicholas,Lewis,nicholas.lewis@gmail.com,473 Lambert Views Apt. 177,JCB 16 digit,1172,77
20824,Sandra,Penland,sandra.penland@gmail.com,625 Walker Shoals Apt. 690,VISA 16 digit,1496,116
14943,Tony,Bowers,tony.bowers@gmail.com,239 Ann Port,VISA 16 digit,8369,128
87890,Aida,Freund,aida.freund@gmail.com,64077 Montes Cliffs Suite 980,JCB 15 digit,2870,129
54252,Gary,Barnes,gary.barnes@gmail.com,2216 Holly Drive Apt. 360,Discover,8069,130
57458,Allen,Juarbe,allen.juarbe@gmail.com,0768 Brown Spring Suite 213,Mastercard,7886,44
8610,Walter,Davison,walter.davison@gmail.com,64037 Bond Mountains,Maestro,3954,69
31812,Thomas,Baker,thomas.baker@gmail.com,9268 Moreno Divide,Diners Club / Carte Blanche,7064,131
91634,Ann,Johnson,ann.johnson@gmail.com,0764 Richard Trail,VISA 16 digit,1557,132
23441,Constance,Snodgrass,constance.snodgrass@gmail.com,0585 Dennis Springs Suite 832,JCB 16 digit,3084,26
29481,Emma,Bond,emma.bond@gmail.com,414 Morgan Gateway Suite 443,VISA 19 digit,4087,133
94898,Michelle,Lafollette,michelle.lafollette@gmail.com,360 John Plain,JCB 15 digit,8634,134
37568,Gladys,Lawton,gladys.lawton@gmail.com,633 Ramos Trail,VISA 19 digit,3713,135
7114,Andrew,Clark,andrew.clark@gmail.com,00292 Moore Lodge Suite 410,Mastercard,1488,136
14473,Sophia,Davenport,sophia.davenport@gmail.com,7856 Ashley Isle,JCB 15 digit,2175,30
99821,Walter,Sayed,walter.sayed@gmail.com,97581 Reynolds Points Suite 769,Maestro,4921,82
98985,Eva,Zuniga,eva.zuniga@gmail.com,712 Terry Fork,American Express,4816,137
20097,Margaret,Bernard,margaret.bernard@gmail.com,291 Dennis Light Suite 108,Mastercard,7371,118
94617,Curtis,Roberts,curtis.roberts@gmail.com,20895 Brewer Loaf Suite 090,VISA 16 digit,1472,138
56236,Gertrude,Thruman,gertrude.thruman@gmail.com,8050 Lara Crossroad Suite 927,Mastercard,4562,139
83810,Rachel,Zook,rachel.zook@gmail.com,884 Clark Heights Suite 328,VISA 13 digit,2041,140
1198,Michael,Price,michael.price@gmail.com,38236 Wright Plains Apt. 583,JCB 16 digit,3036,126
29727,Michael,Fields,michael.fields@gmail.com,842 Fisher Neck Apt. 699,VISA 19 digit,8140,29
10024,Ruby,Green,ruby.green@gmail.com,6166 Mark Mill Apt. 988,Discover,4395,141
23922,George,Hayes,george.hayes@gmail.com,070 Johnson Walk,JCB 15 digit,2762,57
18010,Steven,Lopez,steven.lopez@gmail.com,3604 Jessica Forges,Maestro,1824,23
97169,Lorena,Herzog,lorena.herzog@gmail.com,9986 Morgan Pines Apt. 054,Maestro,8296,106
67048,John,Overton,john.overton@gmail.com,9686 Robin Canyon,Maestro,8041,142
87585,Thomas,Dayton,thomas.dayton@gmail.com,003 Terry Mission Apt. 914,JCB 15 digit,1833,143
97126,Barbara,Nickerson,barbara.nickerson@gmail.com,363 Valencia Mount Apt. 680,JCB 16 digit,3832,144
87842,Robert,Nelson,robert.nelson@gmail.com,09497 Arnold Stream,Diners Club / Carte Blanche,5517,88
92501,Isaac,Stein,isaac.stein@gmail.com,806 Christy Fields Apt. 217,JCB 16 digit,3226,145
13275,Therese,Bell,therese.bell@gmail.com,1857 Cynthia Heights Suite 894,VISA 16 digit,3974,57
64681,Terry,Thackston,terry.thackston@gmail.com,4595 Clark Mount Suite 197,Diners Club / Carte Blanche,3028,82
23539,Megan,Reeves,megan.reeves@gmail.com,2533 Samuel Summit,American Express,8090,146
23618,David,Salas,david.salas@gmail.com,5322 Cole Parkway Apt. 282,VISA 19 digit,4297,147
77440,Frederick,Graf,frederick.graf@gmail.com,497 Alicia Centers Apt. 950,Discover,4753,85
15725,Linda,Bryant,linda.bryant@gmail.com,0258 Scott Ranch,Mastercard,8698,148
98333,Cheryl,Spore,cheryl.spore@gmail.com,670 Hayes Roads Suite 792,JCB 15 digit,4639,149
47714,Gail,Mcinnis,gail.mcinnis@gmail.com,95058 John Glens,JCB 16 digit,8455,150
27222,John,Wood,john.wood@gmail.com,23956 Williams Island,VISA 16 digit,8492,151
96339,Susana,Campbell,susana.campbell@gmail.com,1070 Kristopher Isle Apt. 207,JCB 16 digit,4355,152
23029,Beulah,Hinzman,beulah.hinzman@gmail.com,16703 Kelsey Rapid Suite 173,VISA 19 digit,1929,146
34258,Diana,Woods,diana.woods@gmail.com,341 Edwards Walk,American Express,2965,145
92099,Essie,Clankscales,essie.clankscales@gmail.com,7728 William Turnpike Suite 070,Discover,6021,4
22693,Alyssa,Gutierrez,alyssa.gutierrez@gmail.com,1570 Garcia Gardens,JCB 15 digit,1147,153
87150,Robert,Terrell,robert.terrell@gmail.com,854 Christopher Pines,American Express,3300,46
38458,Deborah,Guadagno,deborah.guadagno@gmail.com,8567 Perez Hills Apt. 833,VISA 13 digit,5190,20
93313,Marcelo,Bertsch,marcelo.bertsch@gmail.com,531 Wood Shoals,JCB 16 digit,8185,154
81399,Billy,Fierro,billy.fierro@gmail.com,286 Veronica Walk Suite 684,Diners Club / Carte Blanche,5038,130
97172,Robert,Shouse,robert.shouse@gmail.com,4507 Heath Lodge Suite 021,VISA 13 digit,2809,7
66046,Cheryl,Ballard,cheryl.ballard@gmail.com,5102 Tammy Land,Discover,1339,145
99614,James,Garvin,james.garvin@gmail.com,4355 Moore Course,Maestro,9563,111
10865,Bobby,Dawson,bobby.dawson@gmail.com,1903 Shaun Views,VISA 16 digit,1490,119
63371,Brenda,Knight,brenda.knight@gmail.com,2537 Ashley Lakes Apt. 020,VISA 13 digit,4265,153
20751,Mary,Brent,mary.brent@gmail.com,029 Alyssa Walks Apt. 704,JCB 16 digit,8293,91
7102,Ronald,Horton,ronald.horton@gmail.com,179 Kevin Harbor,JCB 15 digit,3218,1
96502,Sandra,Ruppe,sandra.ruppe@gmail.com,733 Mcguire Rapids Apt. 674,JCB 16 digit,2493,155
61435,Bernard,Horth,bernard.horth@gmail.com,36890 Samantha Tunnel,JCB 16 digit,1922,156
8370,Bruce,Pullen,bruce.pullen@gmail.com,1142 Garcia Crest Apt. 129,Mastercard,7000,93
73954,Cathleen,Alvis,cathleen.alvis@gmail.com,675 Clark Well,VISA 19 digit,2092,156
91203,Douglas,Brown,douglas.brown@gmail.com,44383 Jennifer Club Apt. 362,American Express,4162,48
92437,Gary,Aldridge,gary.aldridge@gmail.com,031 Padilla Rapids,VISA 16 digit,6992,33
6234,Ernestine,Ayala,ernestine.ayala@gmail.com,527 Jared Lodge Suite 278,JCB 16 digit,2765,157
98349,Andrea,Harris,andrea.harris@gmail.com,333 Margaret Green Suite 667,Mastercard,4388,158
63814,Robert,Saavedra,robert.saavedra@gmail.com,08218 Jason Courts Suite 265,VISA 16 digit,5045,159
73627,Rosie,Manylath,rosie.manylath@gmail.com,1107 Richardson Stravenue,VISA 16 digit,8311,160
25834,Ina,Rios,ina.rios@gmail.com,98073 Weber Groves,VISA 16 digit,2710,161
16472,Estefana,Shafer,estefana.shafer@gmail.com,247 Sanchez Rapid Suite 722,American Express,7540,115
65631,Jennifer,Nielson,jennifer.nielson@gmail.com,37524 Carmen Road Apt. 966,Discover,7763,47
26359,Ellen,Teague,ellen.teague@gmail.com,738 Clark Trafficway,Mastercard,2587,152
42969,Sidney,Yates,sidney.yates@gmail.com,9829 Pamela Union Apt. 988,Maestro,7495,114
67797,Donna,Dingman,donna.dingman@gmail.com,4904 Ian Summit Apt. 957,VISA 16 digit,6563,162
93951,Susan,Sowers,susan.sowers@gmail.com,72439 Aguilar Highway,JCB 15 digit,8104,163
92166,Carol,Laplante,carol.laplante@gmail.com,86422 Gonzalez Terrace Suite 806,American Express,6685,74
46768,Matthew,Boris,matthew.boris@gmail.com,4796 Green Meadow Apt. 387,JCB 15 digit,9490,112
95725,Linda,Bowen,linda.bowen@gmail.com,9241 Lindsay Glens Apt. 161,JCB 15 digit,1962,91
72109,Joseph,Mccormick,joseph.mccormick@gmail.com,814 Taylor Terrace,JCB 15 digit,4554,152
26512,Nicole,Negrete,nicole.negrete@gmail.com,16606 Coleman Dale,JCB 16 digit,2890,164
73482,Dora,Wohlert,dora.wohlert@gmail.com,950 Timothy Common Suite 212,JCB 16 digit,4756,26
97823,Nathan,Adrian,nathan.adrian@gmail.com,71638 Kyle Radial,Diners Club / Carte Blanche,8846,93
30321,Donte,Lange,donte.lange@gmail.com,5653 Callahan Stream Apt. 604,VISA 13 digit,4747,88
12825,Larry,Horn,larry.horn@gmail.com,22939 Watson Dam Apt. 490,JCB 15 digit,5351,65
59208,Beverly,Hunter,beverly.hunter@gmail.com,23969 Leslie Shore Suite 279,VISA 13 digit,5892,165
25954,Lyndon,Bloodworth,lyndon.bloodworth@gmail.com,64776 Rangel Row,JCB 16 digit,9816,166
59693,Christopher,Yedinak,christopher.yedinak@gmail.com,1412 Cooper Branch,VISA 16 digit,8580,120
79882,Matthew,Stewart,matthew.stewart@gmail.com,3265 Anderson Roads,Maestro,9731,167
49323,Tammera,Elias,tammera.elias@gmail.com,88238 Smith Course,Diners Club / Carte Blanche,2270,133
95975,Derrick,York,derrick.york@gmail.com,81698 Bauer Cove,Mastercard,9860,168
58503,Tom,Harrington,tom.harrington@gmail.com,213 Weber Fords,VISA 16 digit,3722,51
57368,Maxine,Hill,maxine.hill@gmail.com,45566 Malone Port Suite 110,Diners Club / Carte Blanche,9921,39
14717,Norberto,Christensen,norberto.christensen@gmail.com,8765 Mark Square,Discover,6502,169
40379,Kristina,Babbitt,kristina.babbitt@gmail.com,2463 Courtney Estates Apt. 671,Mastercard,4328,170
11970,Laverne,Whitfield,laverne.whitfield@gmail.com,4104 Bradford Oval Suite 555,American Express,6566,134
86581,Tony,Akins,tony.akins@gmail.com,214 Tyler Road Apt. 733,JCB 15 digit,1494,171
16557,Alisa,Robinson,alisa.robinson@gmail.com,2678 Stephenson Falls,VISA 19 digit,6158,128
13327,Louis,Waggoner,louis.waggoner@gmail.com,3373 James Ramp Apt. 239,VISA 19 digit,4904,137
23049,Barbara,Tygart,barbara.tygart@gmail.com,36122 Jimenez Ridges Suite 594,VISA 13 digit,5499,67
81655,Candice,Blackburn,candice.blackburn@gmail.com,03968 George Loop Apt. 865,JCB 15 digit,4034,91
27264,Suzy,Dewey,suzy.dewey@gmail.com,7823 Kara Course,American Express,4402,48
32225,Michael,Palmer,michael.palmer@gmail.com,5142 Brown Throughway,American Express,1273,82
11483,Robert,Gassaway,robert.gassaway@gmail.com,90450 Amber Hill Apt. 331,VISA 16 digit,5132,172
73293,Beverly,Papik,beverly.papik@gmail.com,600 Stephanie Walks,VISA 19 digit,4617,36
98847,Lydia,Trevino,lydia.trevino@gmail.com,8978 Angela Fords Suite 942,Mastercard,9620,115
97315,Joe,Andrews,joe.andrews@gmail.com,34548 Harrison Terrace,Maestro,2341,107
70229,Rebecca,Cook,rebecca.cook@gmail.com,61101 Christopher Trace,Discover,5874,55
7857,Antonia,Watson,antonia.watson@gmail.com,2050 Sherri Fork,American Express,1289,141
94141,Linda,Smith,linda.smith@gmail.com,710 Peter Extension,JCB 16 digit,5943,93
67728,Daniel,Salyer,daniel.salyer@gmail.com,67554 Chloe Radial Apt. 184,JCB 15 digit,4362,158
71912,Victoria,Anderson,victoria.anderson@gmail.com,50101 Perkins Inlet Suite 099,Diners Club / Carte Blanche,5170,173
78638,Patricia,Fisher,patricia.fisher@gmail.com,54844 Andrew Ways Apt. 829,VISA 19 digit,6511,131
1589,Shirley,Brinker,shirley.brinker@gmail.com,874 Castillo Flat Suite 710,JCB 16 digit,9120,129
73789,David,Foster,david.foster@gmail.com,968 Garrett Rest Suite 133,Maestro,4555,51
4547,Edward,Paxton,edward.paxton@gmail.com,9646 Douglas Circle Apt. 944,Discover,6606,174
72643,Martha,Williamson,martha.williamson@gmail.com,146 Nicole Row,JCB 16 digit,9748,175
14399,Denise,Auzenne,denise.auzenne@gmail.com,477 Hall Point,VISA 13 digit,2996,176
86088,Carol,Kilmer,carol.kilmer@gmail.com,51793 James Meadows,JCB 15 digit,9578,177
16180,Lisa,Jenkins,lisa.jenkins@gmail.com,812 Smith Divide Suite 859,VISA 16 digit,2061,151
43950,Charles,Livingston,charles.livingston@gmail.com,41032 Wendy Radial Suite 557,American Express,2338,102
63703,Irvin,Vera,irvin.vera@gmail.com,29503 Sue Ville Apt. 382,JCB 15 digit,7266,59
52953,James,Day,james.day@gmail.com,1355 Spence Estate,Discover,5923,172
57221,Michael,Gambill,michael.gambill@gmail.com,094 Weiss Springs Suite 867,VISA 16 digit,7413,93
74188,Danielle,Grinage,danielle.grinage@gmail.com,2873 Gregory Trail,Diners Club / Carte Blanche,8478,99
19075,Pablo,Keding,pablo.keding@gmail.com,13797 Rita Pass Suite 011,VISA 13 digit,1184,17
30761,Robert,Cecil,robert.cecil@gmail.com,592 Erika Rest,VISA 13 digit,3688,130
97963,Cherilyn,Saetern,cherilyn.saetern@gmail.com,3448 Brandi Station,VISA 19 digit,7054,132
15028,Nanci,Akers,nanci.akers@gmail.com,6357 Marvin Court Suite 442,VISA 16 digit,5316,76
88951,Barbara,Durst,barbara.durst@gmail.com,294 Rachel Passage Suite 143,JCB 15 digit,1906,61
10535,Crystal,Branscum,crystal.branscum@gmail.com,752 Hill Union Apt. 580,VISA 13 digit,5019,131
8636,Kristen,Harmon,kristen.harmon@gmail.com,8744 Gregory Unions Apt. 305,Maestro,3449,91
2787,Shelby,Ash,shelby.ash@gmail.com,6193 Jill Row,VISA 16 digit,3146,178
61859,Harry,Raymond,harry.raymond@gmail.com,45546 Anna Skyway Apt. 222,American Express,6330,85
2186,William,Blunt,william.blunt@gmail.com,65281 Vickie Squares Suite 051,VISA 16 digit,8793,16
27236,Eleanor,Joiner,eleanor.joiner@gmail.com,179 Delacruz Dale,VISA 13 digit,5489,144
15307,Brian,Parson,brian.parson@gmail.com,674 Travis Valley,JCB 16 digit,8402,43
64541,Joel,Scott,joel.scott@gmail.com,400 Katrina Motorway,Diners Club / Carte Blanche,2141,3
50715,Andrew,Jarvis,andrew.jarvis@gmail.com,0372 David Mission,Mastercard,3694,179
95012,Juan,Spring,juan.spring@gmail.com,0202 Parker Villages Suite 144,VISA 13 digit,8897,65
54851,Samuel,Martin,samuel.martin@gmail.com,56571 Torres Well Suite 735,Discover,9189,180
27184,Gerardo,Anderson,gerardo.anderson@gmail.com,730 Church Cliff,VISA 13 digit,4522,181
32596,Carly,Cain,carly.cain@gmail.com,7095 Moore Shore Suite 616,JCB 16 digit,2882,182
11667,Lynn,Colwell,lynn.colwell@gmail.com,6563 Mayo Crossing Suite 146,Discover,5486,94
14807,John,Mitchell,john.mitchell@gmail.com,22605 Virginia Union,American Express,8509,85
96270,Sam,Skinnen,sam.skinnen@gmail.com,23288 Hall Lake,Maestro,2570,165
15607,Jack,Means,jack.means@gmail.com,24255 Michael Knolls Suite 035,VISA 13 digit,8557,183
14076,Emma,Robinson,emma.robinson@gmail.com,886 Hernandez Island Suite 178,VISA 16 digit,7966,52
28033,George,Orr,george.orr@gmail.com,585 Taylor Tunnel,Maestro,7068,184
4321,Marie,Castro,marie.castro@gmail.com,2602 Robles Turnpike Suite 270,JCB 16 digit,8033,65
36665,David,Holmes,david.holmes@gmail.com,08323 Nelson Mall,Mastercard,9251,7
70920,James,Conforti,james.conforti@gmail.com,6037 Camacho Glens,Diners Club / Carte Blanche,2733,185
81143,Stanley,Pace,stanley.pace@gmail.com,3726 Jennifer Gardens,VISA 16 digit,5597,88
70879,Mindy,Matthews,mindy.matthews@gmail.com,706 Jones Landing,American Express,9446,186
3663,Melanie,Gabriel,melanie.gabriel@gmail.com,9874 Jerry Pine Apt. 011,Discover,9379,187
67149,Kevin,Hart,kevin.hart@gmail.com,81871 Romero Point,Diners Club / Carte Blanche,2467,16
58376,Amy,Martinez,amy.martinez@gmail.com,746 Kimberly Bypass Apt. 244,Discover,7946,96
73247,David,Hoffman,david.hoffman@gmail.com,3185 Timothy Coves Suite 625,VISA 16 digit,3915,188
72029,Luis,Flaherty,luis.flaherty@gmail.com,18495 Mcdonald Light,American Express,5878,189
88460,Titus,Garcia,titus.garcia@gmail.com,424 Christopher Prairie Suite 871,JCB 16 digit,7470,190
95165,Ivan,Hay,ivan.hay@gmail.com,60183 Hayes Burgs,JCB 16 digit,3203,76
59572,Matthew,Wrisley,matthew.wrisley@gmail.com,7270 Sweeney Mission,VISA 13 digit,4041,143
67682,Jacqueline,Edwards,jacqueline.edwards@gmail.com,12405 Jillian Hollow,Mastercard,9177,115
43559,Michael,Poe,michael.poe@gmail.com,519 Rios Stream Apt. 615,VISA 19 digit,8348,191
58644,Marie,Farr,marie.farr@gmail.com,37354 Kenneth Square,VISA 13 digit,3501,192
65470,Jim,Flicker,jim.flicker@gmail.com,99726 Amanda Ports,VISA 13 digit,1635,12
83712,Doyle,Walden,doyle.walden@gmail.com,942 Dennis Rest Apt. 247,Discover,2905,82
15167,Tarsha,Siddique,tarsha.siddique@gmail.com,56714 Duncan Ferry Apt. 778,JCB 16 digit,9164,53
19258,Richard,Santos,richard.santos@gmail.com,567 Margaret Station,JCB 15 digit,1381,193
41137,Robert,Pascale,robert.pascale@gmail.com,405 Robinson Mill,Maestro,2896,4
2933,Mary,Wheeler,mary.wheeler@gmail.com,7015 Mary Turnpike Apt. 156,VISA 16 digit,5194,57
93011,Trisha,Houghton,trisha.houghton@gmail.com,9993 Brittany Grove,VISA 16 digit,3264,18
71903,Paul,Castillo,paul.castillo@gmail.com,713 Jody Crest,JCB 15 digit,6504,180
640,Daniel,Mederos,daniel.mederos@gmail.com,13564 Robert Summit,VISA 19 digit,7386,179
67025,Margarita,Hicks,margarita.hicks@gmail.com,4754 Ramirez Underpass Suite 187,JCB 16 digit,3053,166
60613,Lavern,Bertholf,lavern.bertholf@gmail.com,59120 Daniel Manor,Maestro,5835,194
3670,Kimberly,Acklin,kimberly.acklin@gmail.com,7773 Smith Rapids Suite 133,American Express,3733,150
62707,Frederick,Wilson,frederick.wilson@gmail.com,4592 Meyer Crossroad,Discover,2314,84
85944,Lindsey,Coleman,lindsey.coleman@gmail.com,99830 Anna Branch Apt. 146,VISA 19 digit,6028,195
54678,Deborah,Simitian,deborah.simitian@gmail.com,91285 Jeanne Ville Apt. 238,VISA 13 digit,7528,77
39703,Melissa,Eaton,melissa.eaton@gmail.com,4416 Carol Pine Apt. 982,Mastercard,7428,196
42617,Dorie,Chronis,dorie.chronis@gmail.com,048 Mario Run Suite 842,JCB 16 digit,5123,66
60977,Chris,Mittendorf,chris.mittendorf@gmail.com,640 Francis Prairie,VISA 19 digit,8265,134
66376,Jon,Sookram,jon.sookram@gmail.com,6868 Jones Port Suite 758,VISA 13 digit,6914,78
75545,Thomas,Crossman,thomas.crossman@gmail.com,3329 Dana Mountain Suite 843,JCB 16 digit,5078,191
55254,Alice,Kerr,alice.kerr@gmail.com,11591 Daniel Mountain,VISA 16 digit,4217,20
8874,Traci,Boehman,traci.boehman@gmail.com,435 Frazier Island,VISA 19 digit,8418,197
26839,Jeffrey,Standifer,jeffrey.standifer@gmail.com,6073 Johnson Loaf,JCB 15 digit,1880,101
24351,James,Harding,james.harding@gmail.com,9052 Jordan Fork,JCB 16 digit,4243,170
29563,Harvey,Springle,harvey.springle@gmail.com,9739 Mcintyre Plaza Suite 021,Maestro,5352,150
91367,Marcie,Scordato,marcie.scordato@gmail.com,56466 Jackson Parkway Suite 642,Mastercard,4672,24
70871,Yee,Butler,yee.butler@gmail.com,0942 Frazier Mountain Suite 898,VISA 16 digit,1337,114
64966,John,Ingles,john.ingles@gmail.com,918 Griffith Ridge Suite 479,Diners Club / Carte Blanche,4953,155
73127,William,Fleming,william.fleming@gmail.com,7865 Austin Park Suite 106,Discover,5864,62
3804,Parker,Howard,parker.howard@gmail.com,97580 Rios Meadow,VISA 19 digit,2594,183
4461,Robert,Clark,robert.clark@gmail.com,415 Mitchell Mount,Maestro,7850,189
61811,Margaret,Brown,margaret.brown@gmail.com,09082 Walker Junction,Mastercard,8935,198
3836,Mark,Aleman,mark.aleman@gmail.com,735 Sandoval Forest,JCB 15 digit,9449,62
33961,Nancy,Muraoka,nancy.muraoka@gmail.com,4225 Stephanie Place Apt. 674,Mastercard,6867,187
97666,Ernest,Rodriguez,ernest.rodriguez@gmail.com,939 Davis Fields,VISA 16 digit,7806,199
45097,Tessa,Session,tessa.session@gmail.com,46890 Julian Rapid,VISA 19 digit,5270,71
95474,Jean,Love,jean.love@gmail.com,811 Sherman Extensions Apt. 555,Maestro,1372,94
12057,Joseph,Magee,joseph.magee@gmail.com,805 Alexander Road Suite 291,JCB 16 digit,9702,200
4571,Angela,Cliff,angela.cliff@gmail.com,964 Johnson Landing,JCB 15 digit,9013,122
83542,Gary,Caskey,gary.caskey@gmail.com,426 John Causeway Apt. 456,JCB 15 digit,3596,123
8241,Patricia,Akins,patricia.akins@gmail.com,17366 Jose Wall,VISA 19 digit,3438,136
87465,Stanley,Mills,stanley.mills@gmail.com,27892 Justin Village Suite 260,Mastercard,3408,42
62198,Raul,Hooper,raul.hooper@gmail.com,5301 Johnny Radial Apt. 442,American Express,2094,102
9782,Manuel,Decker,manuel.decker@gmail.com,92283 Jennifer Course Apt. 215,American Express,3151,2
10980,Katherine,Shamp,katherine.shamp@gmail.com,288 Margaret Point,Discover,3546,187
16198,Randy,Nelson,randy.nelson@gmail.com,001 Michelle Ridge,VISA 19 digit,1402,201
1880,Alexandra,Alvarez,alexandra.alvarez@gmail.com,29851 Howe Pine,Diners Club / Carte Blanche,6022,103
34606,Claris,Hubbard,claris.hubbard@gmail.com,45992 Nunez Squares Suite 157,JCB 16 digit,1310,62
17668,Paul,Anderson,paul.anderson@gmail.com,994 John Shoal,VISA 13 digit,3226,202
74841,Clarence,Hooker,clarence.hooker@gmail.com,293 Nicholas Heights,VISA 16 digit,8547,190
61997,William,Morales,william.morales@gmail.com,44135 Nicholas Lights Suite 988,JCB 15 digit,9927,9
77253,Pamela,Jones,pamela.jones@gmail.com,886 Meyers Ridge,Discover,3716,5
75262,Janice,Streetman,janice.streetman@gmail.com,33694 Long Squares,JCB 16 digit,1298,134
51749,Patricia,Ball,patricia.ball@gmail.com,394 Flynn Rest,VISA 16 digit,3469,182
40231,Kay,Mercado,kay.mercado@gmail.com,724 Gutierrez Walks Suite 801,Discover,1413,87
29690,Juanita,Silvers,juanita.silvers@gmail.com,801 Mario Trace,American Express,3045,203
6707,Douglas,Morris,douglas.morris@gmail.com,673 Bradford Loop,Mastercard,8380,23
13283,Gabriel,Lowery,gabriel.lowery@gmail.com,6854 Stephens Streets Suite 734,American Express,6199,15
34269,Joan,Ku,joan.ku@gmail.com,9458 Ray Walk,VISA 13 digit,3121,204
42343,Mary,Burnette,mary.burnette@gmail.com,30288 Garcia Glens,VISA 19 digit,8354,8
88428,Summer,Oathout,summer.oathout@gmail.com,746 Sims Vista,Maestro,4316,205
44362,David,Fischer,david.fischer@gmail.com,32022 Adam Plains Suite 378,Maestro,4503,157
39970,Jennifer,Pearson,jennifer.pearson@gmail.com,06791 Bryan Via Apt. 490,JCB 15 digit,1735,17
7798,Richard,Brazzle,richard.brazzle@gmail.com,3730 Steele Glens Apt. 037,VISA 19 digit,2024,154
37929,Virginia,Kraft,virginia.kraft@gmail.com,480 Zavala Stravenue Apt. 305,Maestro,6548,159
62763,Noel,Henrich,noel.henrich@gmail.com,416 Harmon Pike,VISA 13 digit,8724,21
30936,Angeline,Gibbons,angeline.gibbons@gmail.com,53078 Hunt Rue,Diners Club / Carte Blanche,9851,183
85371,Michael,Hesley,michael.hesley@gmail.com,2272 Heather Crescent Suite 146,Diners Club / Carte Blanche,6809,110
93464,Celia,Jackson,celia.jackson@gmail.com,10470 Gregory Island,Diners Club / Carte Blanche,5930,186
51521,Joseph,Botha,joseph.botha@gmail.com,036 Sheila Throughway,Maestro,4205,75
9176,Lisa,Wilt,lisa.wilt@gmail.com,09698 Emily Extensions Apt. 388,VISA 16 digit,3315,86
66476,Gracie,Li,gracie.li@gmail.com,276 James Landing Suite 333,Mastercard,6155,28
29472,Ma,Pelote,ma.pelote@gmail.com,583 Tina Forge,VISA 13 digit,2462,1
74908,William,Burch,william.burch@gmail.com,9749 Mendez Trail,VISA 16 digit,2382,106
64895,Donald,Card,donald.card@gmail.com,90957 Brown Turnpike Apt. 467,VISA 13 digit,2811,195
91761,Stephanie,Harris,stephanie.harris@gmail.com,3396 Michael Villages Apt. 639,VISA 13 digit,3608,80
7884,Brian,Shields,brian.shields@gmail.com,5548 Jones Cliff Suite 349,Mastercard,7873,65
51941,Stephen,Panetta,stephen.panetta@gmail.com,0777 Tammy Estate,Maestro,6710,125
72292,Daniel,Harper,daniel.harper@gmail.com,957 Brian Unions Apt. 356,VISA 16 digit,4511,139
66884,Caleb,Jones,caleb.jones@gmail.com,8585 Cox Course Apt. 436,VISA 16 digit,4054,84
36349,Mary,Grays,mary.grays@gmail.com,113 Moore Shoal Suite 155,VISA 19 digit,8007,96
11051,Andrew,Rounds,andrew.rounds@gmail.com,9416 Angela Creek,Mastercard,6088,206
45596,Helen,Nix,helen.nix@gmail.com,91951 Klein Squares Suite 409,VISA 16 digit,7209,207
50665,Barbara,Minors,barbara.minors@gmail.com,02544 Robert Harbor Apt. 375,JCB 16 digit,5691,93
34355,James,King,james.king@gmail.com,306 Tracy Landing Apt. 605,VISA 13 digit,6498,18
28967,Jeffrey,Allain,jeffrey.allain@gmail.com,267 Kim Passage,JCB 15 digit,7355,202
91301,Sandra,Brungardt,sandra.brungardt@gmail.com,95204 Perez Loop Suite 744,JCB 16 digit,9450,16
43054,Peggy,Harmon,peggy.harmon@gmail.com,9297 Chad Wells,Discover,8641,193
56514,Chang,Davis,chang.davis@gmail.com,279 Baker Meadow,Mastercard,1180,122
70194,Christopher,Beard,christopher.beard@gmail.com,563 Blackwell Knoll Apt. 148,VISA 16 digit,2315,65
57906,Michael,Gresham,michael.gresham@gmail.com,901 Ali Mews Apt. 047,JCB 15 digit,4255,208
27477,Alan,Hernandez,alan.hernandez@gmail.com,2071 Watkins Forge Apt. 469,JCB 15 digit,9847,209
85777,Winifred,Corona,winifred.corona@gmail.com,43061 Philip Groves Suite 122,VISA 16 digit,1722,43
72266,Florence,Weisenfluh,florence.weisenfluh@gmail.com,69339 Ashley Centers Apt. 250,VISA 16 digit,6066,210
18413,Gene,Schuler,gene.schuler@gmail.com,0402 Long Divide,American Express,6031,51
66991,Sharon,Henley,sharon.henley@gmail.com,05500 Michael Corner Apt. 706,Diners Club / Carte Blanche,8867,211
51275,Robert,Harrison,robert.harrison@gmail.com,899 Jason Orchard Suite 211,Maestro,2906,105
82855,Connie,Hennig,connie.hennig@gmail.com,21599 Lopez Land Suite 163,VISA 19 digit,7759,130
30017,Merle,Silbert,merle.silbert@gmail.com,4675 Christopher Mountains Suite 402,VISA 16 digit,3431,212
97966,Bernice,Yarbrough,bernice.yarbrough@gmail.com,3425 Scott Springs,American Express,4308,8
67354,Tambra,Parker,tambra.parker@gmail.com,004 Mary Forest Suite 570,VISA 16 digit,8709,171
12502,Joshua,Portugal,joshua.portugal@gmail.com,67177 Mark Brooks,VISA 16 digit,1600,213
10904,Rene,Banks,rene.banks@gmail.com,37786 Kaiser Crest,Mastercard,5634,165
16199,Alexandria,Siegel,alexandria.siegel@gmail.com,6467 Robert Points,JCB 16 digit,9045,214
17245,Carl,Knopp,carl.knopp@gmail.com,40701 Michelle View,VISA 19 digit,2924,215
51696,Roberta,Phelps,roberta.phelps@gmail.com,5307 Melissa Gardens,Mastercard,4932,172
38531,Robert,Middlebrook,robert.middlebrook@gmail.com,153 Rebecca Forks,JCB 16 digit,8236,115
40058,Steven,Kapur,steven.kapur@gmail.com,91392 Donna Pines Suite 100,JCB 16 digit,4414,88
80077,Jessica,Mcdonald,jessica.mcdonald@gmail.com,09877 Mcdonald Road,Mastercard,2786,43
87763,Jerry,Allen,jerry.allen@gmail.com,045 Kim Creek,VISA 13 digit,3348,171
12261,Terry,Marks,terry.marks@gmail.com,12725 Taylor Spurs Apt. 132,Maestro,5344,166
73645,Kara,Bryant,kara.bryant@gmail.com,79687 Gwendolyn Streets,JCB 16 digit,2505,49
73051,Daisy,Clark,daisy.clark@gmail.com,004 Miller Stream Suite 001,VISA 16 digit,3802,193
90657,Erica,Menke,erica.menke@gmail.com,87683 Melissa Valleys Apt. 379,Discover,4500,107
93596,Lisa,Vines,lisa.vines@gmail.com,3255 Jamie Ridges Suite 936,American Express,4585,32
22527,Amber,Fowler,amber.fowler@gmail.com,2490 Ashley Squares Apt. 972,JCB 16 digit,2629,204
33038,Albert,Rindels,albert.rindels@gmail.com,73288 Medina Motorway,VISA 19 digit,5460,122
10880,Lottie,Garrity,lottie.garrity@gmail.com,729 Larry Garden,JCB 16 digit,5579,169
81086,Wade,Pardue,wade.pardue@gmail.com,37785 Willis Brook,JCB 16 digit,8961,120
12298,John,Hegge,john.hegge@gmail.com,36724 Samuel Bridge Suite 955,JCB 16 digit,2493,215
29252,Rebecca,Applebee,rebecca.applebee@gmail.com,7202 Adam Knoll,VISA 19 digit,2809,55
71976,James,Johnson,james.johnson@gmail.com,77901 Kent Viaduct Apt. 490,Mastercard,3809,215
2065,Christopher,Schmidt,christopher.schmidt@gmail.com,2658 Elizabeth Ville Suite 871,JCB 16 digit,3635,93
13372,Mark,Farabaugh,mark.farabaugh@gmail.com,71534 Gomez Spring Apt. 419,VISA 16 digit,1627,176
20628,Walter,Cason,walter.cason@gmail.com,18839 Prince Summit,VISA 13 digit,8832,0
53977,Kenneth,Grajeda,kenneth.grajeda@gmail.com,8017 Susan Heights Apt. 941,JCB 16 digit,2795,121
84341,Elizabeth,Thompson,elizabeth.thompson@gmail.com,34295 May Ranch,American Express,6200,171
17000,Ida,Brockway,ida.brockway@gmail.com,357 Renee Field,JCB 16 digit,9099,68
55764,Dorothy,Lynch,dorothy.lynch@gmail.com,217 Kyle Walk,VISA 13 digit,4021,98
91773,Erin,Morris,erin.morris@gmail.com,0017 Gonzalez Loaf,JCB 16 digit,9480,126
86172,Linda,Otis,linda.otis@gmail.com,275 Rodriguez Corner,Discover,3633,178
31106,Jose,Choice,jose.choice@gmail.com,87784 Mahoney Trail,American Express,8446,133
60002,Rebecca,Cast,rebecca.cast@gmail.com,96716 Matthews Grove Apt. 079,JCB 16 digit,8716,216
51679,Christopher,Childers,christopher.childers@gmail.com,0928 Vega Divide Suite 299,JCB 16 digit,7271,211
21677,Jeffrey,Empie,jeffrey.empie@gmail.com,86041 Shelton Glen Apt. 605,JCB 16 digit,2273,139
8383,Clarence,Thomas,clarence.thomas@gmail.com,154 Smith Valleys,American Express,4971,6
45521,Dorothy,Gutierrez,dorothy.gutierrez@gmail.com,138 Monica Spring,VISA 13 digit,7449,211
62626,John,White,john.white@gmail.com,815 Miller Fords,American Express,3972,197
57533,Maria,Hardy,maria.hardy@gmail.com,2131 Oneal Flats Suite 141,VISA 19 digit,3553,12
24415,Carl,Schwartz,carl.schwartz@gmail.com,76953 Mark Ford,Discover,8687,79
99883,Tonja,Collins,tonja.collins@gmail.com,727 Briggs Street,VISA 13 digit,1913,129
62586,Katharine,Fischer,katharine.fischer@gmail.com,573 Jackson Flats,JCB 16 digit,5606,217
24441,Young,Illuzzi,young.illuzzi@gmail.com,283 Daniel Streets Suite 857,Maestro,7489,162
30278,Dale,Ledbetter,dale.ledbetter@gmail.com,323 Brittany Dale Suite 119,JCB 16 digit,8897,94
99735,Jennifer,Mcquay,jennifer.mcquay@gmail.com,728 Amanda Via Suite 715,Mastercard,6864,85
27325,Michael,Zacarias,michael.zacarias@gmail.com,48164 Mcdaniel Radial Apt. 804,VISA 16 digit,4778,218
96113,James,Mcclain,james.mcclain@gmail.com,0452 Dunn Club Apt. 182,Discover,1603,219
73245,Jeremy,Gardner,jeremy.gardner@gmail.com,933 Jonathan Inlet Suite 593,VISA 16 digit,8149,217
39429,Nannie,Kelley,nannie.kelley@gmail.com,90642 Manning Ports Apt. 815,VISA 19 digit,8781,63
11052,Scott,Frias,scott.frias@gmail.com,2184 Sharon Gateway,Diners Club / Carte Blanche,2751,157
42016,Isabel,Schlegel,isabel.schlegel@gmail.com,000 Zachary Radial Apt. 821,JCB 16 digit,4529,61
49675,Jerold,Golka,jerold.golka@gmail.com,9096 Smith Fork Apt. 858,VISA 16 digit,1168,195
64615,Elba,Brown,elba.brown@gmail.com,60132 Jennifer Track Apt. 687,JCB 15 digit,1080,69
509,Gary,Wise,gary.wise@gmail.com,85652 Scott Center Apt. 455,American Express,3601,45
79754,Kenneth,Kelly,kenneth.kelly@gmail.com,37637 Robert Stream Suite 411,Discover,8503,110
23245,Winter,Sellner,winter.sellner@gmail.com,11068 Joseph Alley Suite 546,Mastercard,8590,220
88449,Lori,Sweatt,lori.sweatt@gmail.com,668 Gary Unions Suite 443,Discover,8056,218
33858,Jacqueline,Patel,jacqueline.patel@gmail.com,13042 Hudson Extensions,JCB 16 digit,2915,81
57190,Daniel,Stewart,daniel.stewart@gmail.com,935 Carla Motorway,VISA 19 digit,1259,191
13710,Ronald,Dumas,ronald.dumas@gmail.com,6225 Ricardo Squares,Discover,7271,31
85990,Gloria,Haifley,gloria.haifley@gmail.com,718 Gregory Stravenue Apt. 123,VISA 13 digit,4432,120
23113,Brent,Mckinnon,brent.mckinnon@gmail.com,1716 Ray Pines Suite 366,VISA 13 digit,1215,140
85040,Benjamin,Renteria,benjamin.renteria@gmail.com,32188 Howard River,VISA 16 digit,8944,33
12267,Carol,Aaron,carol.aaron@gmail.com,199 Scott Rue,VISA 13 digit,8238,67
59152,Katrina,Reeves,katrina.reeves@gmail.com,912 Justin Loop,VISA 16 digit,3860,113
97809,Lucile,Mccollum,lucile.mccollum@gmail.com,71376 Morales Camp Suite 384,Discover,5104,65
95770,Vivian,Walton,vivian.walton@gmail.com,72281 Richard Lane Suite 659,JCB 15 digit,1524,173
82430,Kathryn,Rogers,kathryn.rogers@gmail.com,5392 Henderson Mountains,Diners Club / Carte Blanche,5085,80
87607,Marilyn,Dow,marilyn.dow@gmail.com,61303 Adam Manor,Mastercard,3007,34
50387,Jennie,Mcnary,jennie.mcnary@gmail.com,410 Theresa Shoals Apt. 660,VISA 16 digit,5361,75
58289,Deborah,Dalrymple,deborah.dalrymple@gmail.com,99602 Christina Ridge Apt. 861,VISA 13 digit,8055,186
79629,Tracie,Pena,tracie.pena@gmail.com,70792 Robinson Gardens Apt. 179,VISA 13 digit,9745,22
53185,Danny,Boucher,danny.boucher@gmail.com,07498 Davis Estates,Maestro,8482,58
14944,Todd,Fournier,todd.fournier@gmail.com,7089 Warren Key,Diners Club / Carte Blanche,5032,133
15145,Leonard,Krois,leonard.krois@gmail.com,2362 Valerie Union,Maestro,4276,169
46149,Michael,Castano,michael.castano@gmail.com,52684 Walsh Street Apt. 420,Maestro,4852,27
64083,Eric,Green,eric.green@gmail.com,577 Amy Crossroad Apt. 628,VISA 19 digit,7178,10
57375,Debra,Hughes,debra.hughes@gmail.com,304 Hall Springs Apt. 999,JCB 15 digit,2650,206
60988,Harold,Mims,harold.mims@gmail.com,67684 Michael Junctions,JCB 16 digit,6487,176
80141,Justin,Johnson,justin.johnson@gmail.com,0484 Arnold Burg,American Express,5877,112
56541,Jean,Roberts,jean.roberts@gmail.com,025 Griffith Groves Suite 405,JCB 15 digit,5300,151
11903,Thomas,Hawk,thomas.hawk@gmail.com,341 Smith Port,VISA 16 digit,1480,195
41099,Janice,Bradford,janice.bradford@gmail.com,2368 Kristin Ford,JCB 16 digit,8575,171
20633,Michael,Perry,michael.perry@gmail.com,9611 Melissa Mall,Discover,7580,109
22304,Alva,Odom,alva.odom@gmail.com,26628 Maria Centers Suite 260,VISA 19 digit,4500,59
48134,Virginia,Timmons,virginia.timmons@gmail.com,984 Moses Rest Apt. 616,Discover,3144,70
71940,Karla,Metcalf,karla.metcalf@gmail.com,4989 Beard Mountain Suite 298,Diners Club / Carte Blanche,5277,111
48320,Robert,Smith,robert.smith@gmail.com,79215 Rodriguez Walks Suite 926,JCB 16 digit,3923,44
88824,Jessica,Siemering,jessica.siemering@gmail.com,7137 Campbell Curve,Mastercard,9565,219
88901,Ruth,Womack,ruth.womack@gmail.com,191 Lisa Pike,VISA 19 digit,7351,29
42713,Delores,Perez,delores.perez@gmail.com,1981 Moss Parkways Suite 174,JCB 15 digit,4827,43
3697,Olga,Petrie,olga.petrie@gmail.com,25647 Douglas Crossroad,JCB 15 digit,1848,212
82645,Silvia,Rice,silvia.rice@gmail.com,107 Daniel Points Apt. 738,JCB 15 digit,2994,181
39307,Monique,Harris,monique.harris@gmail.com,6435 Guzman Corner,American Express,8594,63
37829,William,Bradford,william.bradford@gmail.com,6687 Sherry Land,JCB 16 digit,4148,159
27226,Henry,Cho,henry.cho@gmail.com,719 Miller Lights,JCB 15 digit,8594,51
26383,Christopher,Mccombs,christopher.mccombs@gmail.com,2491 Bradley Terrace Suite 340,VISA 13 digit,1372,135
14520,Ron,Vincent,ron.vincent@gmail.com,145 Nathaniel Overpass,Maestro,7878,92
70032,Nancy,Niehaus,nancy.niehaus@gmail.com,7732 Jeffrey Stravenue,VISA 19 digit,7913,149
74373,Dianne,Styles,dianne.styles@gmail.com,9445 Anita Shoals,VISA 13 digit,2595,74
68343,Cora,Eller,cora.eller@gmail.com,2572 Frank Turnpike,VISA 16 digit,3595,136
52418,Carter,Brown,carter.brown@gmail.com,2872 Leonard Stream Suite 805,Diners Club / Carte Blanche,7380,43
21739,Arlene,Tyree,arlene.tyree@gmail.com,38465 Dorothy Shore Apt. 966,VISA 19 digit,7323,221
98640,Maria,Mccluer,maria.mccluer@gmail.com,05599 Johnny Prairie,VISA 16 digit,5665,167
67882,William,Pelton,william.pelton@gmail.com,7299 Jacobs Loaf Apt. 803,VISA 16 digit,8979,204
88183,Kelly,Ward,kelly.ward@gmail.com,7007 Mary Harbors,JCB 16 digit,7129,134
19637,Beth,Greenwood,beth.greenwood@gmail.com,0707 Timothy Islands Suite 341,VISA 19 digit,3340,5
19702,Janice,Kunz,janice.kunz@gmail.com,0000 Ronald Point Suite 813,JCB 15 digit,8226,111
27448,Erica,Eggimann,erica.eggimann@gmail.com,723 Nguyen Lane,VISA 16 digit,3513,73
57626,Danny,Hawkins,danny.hawkins@gmail.com,520 Marc Island Apt. 024,American Express,9502,35
69345,Sarah,Allyn,sarah.allyn@gmail.com,16254 Debra Wells Apt. 189,American Express,4847,72
56520,Rose,Durden,rose.durden@gmail.com,801 Stacy Plains Apt. 821,Diners Club / Carte Blanche,2899,142
16406,Russell,Goode,russell.goode@gmail.com,7855 Megan Courts,Discover,3726,222
36096,Wendy,Nguyen,wendy.nguyen@gmail.com,5552 Elizabeth Views,American Express,1808,92
19138,Joseph,Day,joseph.day@gmail.com,166 Jeffrey Street,American Express,6123,185
6493,Jana,Allen,jana.allen@gmail.com,54351 Samantha Plaza Apt. 072,JCB 16 digit,5334,72
47019,Denise,Imlay,denise.imlay@gmail.com,7255 Cruz Court,Mastercard,5731,68
94136,Heidi,Elliott,heidi.elliott@gmail.com,45170 James Harbor,VISA 19 digit,2675,33
54762,Dean,Olson,dean.olson@gmail.com,98988 Keith Heights,VISA 13 digit,7303,131
20427,William,Evans,william.evans@gmail.com,23359 Amber Knolls,VISA 19 digit,1184,165
64755,Linda,Burkhard,linda.burkhard@gmail.com,5711 Larson Radial,JCB 15 digit,4210,56
25613,Richard,Rinehart,richard.rinehart@gmail.com,94165 Teresa Turnpike,American Express,9379,222
70780,Jesus,Price,jesus.price@gmail.com,3998 Barnett Canyon Apt. 668,Mastercard,9718,172
90651,William,Duncan,william.duncan@gmail.com,644 Sheila Rue Apt. 537,Diners Club / Carte Blanche,4001,198
51671,Ryan,Douglas,ryan.douglas@gmail.com,18068 Drake Radial Suite 822,VISA 16 digit,3666,211
15231,Mary,Mccluskey,mary.mccluskey@gmail.com,678 Ramos Estates,VISA 16 digit,5178,191
79045,Sandra,Poindexter,sandra.poindexter@gmail.com,236 Denise Shoal Suite 291,JCB 15 digit,8476,31
79779,Jackie,Logan,jackie.logan@gmail.com,114 Heather Shoal,Diners Club / Carte Blanche,9805,128
86944,Rich,Cinotti,rich.cinotti@gmail.com,8875 Jessica Squares,Mastercard,1850,223
14954,Shane,Gow,shane.gow@gmail.com,935 John Hill Suite 203,Diners Club / Carte Blanche,9384,61
44045,Dennis,Sheets,dennis.sheets@gmail.com,01615 Brandon Extensions Suite 745,JCB 16 digit,6219,164
95880,Craig,Harris,craig.harris@gmail.com,926 Katherine Village Suite 190,American Express,6946,224
17015,Lolita,Miller,lolita.miller@gmail.com,6106 Meyer Village,JCB 16 digit,9583,84
48560,Linda,Knedler,linda.knedler@gmail.com,605 Spencer Stream Suite 550,JCB 15 digit,2891,29
16379,Tamika,Ray,tamika.ray@gmail.com,318 Daniel Estates Apt. 990,Maestro,9396,31
424,Terence,Sandoval,terence.sandoval@gmail.com,281 Matthew Street Apt. 807,VISA 19 digit,5785,8
8783,Elias,Bartels,elias.bartels@gmail.com,896 James Isle,JCB 16 digit,5814,39
38884,Roy,Oconnor,roy.oconnor@gmail.com,4361 Ramsey Locks Apt. 869,Mastercard,8473,8
33781,David,Crabtree,david.crabtree@gmail.com,20780 Anderson Mount,VISA 19 digit,9940,170
51196,James,Kim,james.kim@gmail.com,670 Johnson Landing Suite 144,JCB 16 digit,2079,0
70698,John,Calvert,john.calvert@gmail.com,694 Brooks Ridge,Maestro,3355,72
73256,Evelyn,Bonilla,evelyn.bonilla@gmail.com,51469 Jessica Locks Suite 734,VISA 19 digit,8757,131
46260,Michael,Crum,michael.crum@gmail.com,316 Kelly Point Suite 238,Diners Club / Carte Blanche,1566,225
1376,Mari,Forrester,mari.forrester@gmail.com,7879 Wong Isle,VISA 16 digit,2944,74
65745,Douglas,Johnson,douglas.johnson@gmail.com,844 Gilmore Circle Apt. 693,VISA 16 digit,1469,161
52092,Hilda,Miller,hilda.miller@gmail.com,0741 Thomas Ports,Diners Club / Carte Blanche,9222,10
24269,Sheri,Smith,sheri.smith@gmail.com,9181 Howard Unions,JCB 15 digit,6456,224
31029,Jerry,Duff,jerry.duff@gmail.com,7988 Jones Brooks,Discover,8885,169
19541,Tom,Rieser,tom.rieser@gmail.com,31582 David Manor Suite 242,Mastercard,7068,224
62045,Debra,England,debra.england@gmail.com,364 Vaughn Lock,Mastercard,8331,152
97887,Milton,Marcotte,milton.marcotte@gmail.com,771 Fleming Course Suite 270,Diners Club / Carte Blanche,7758,0
49974,Christopher,Marquez,christopher.marquez@gmail.com,7513 Butler Vista,VISA 19 digit,8115,43
3434,Catherine,Mason,catherine.mason@gmail.com,3335 Michelle Neck Suite 947,Diners Club / Carte Blanche,7996,225
4635,Margaret,Loats,margaret.loats@gmail.com,19712 Smith Center Suite 730,JCB 16 digit,8891,108
47766,Brian,Miller,brian.miller@gmail.com,1619 Anderson Drive Apt. 033,JCB 15 digit,6098,64
65970,Deandra,French,deandra.french@gmail.com,948 Lee Ramp,Maestro,3486,31
48128,Estella,Davis,estella.davis@gmail.com,65372 Alexander Haven Suite 482,JCB 16 digit,7362,199
38651,Ryan,Jamon,ryan.jamon@gmail.com,081 White Burgs,JCB 16 digit,9228,78
35662,Thomas,Bax,thomas.bax@gmail.com,77227 Amy Prairie Apt. 476,JCB 16 digit,6411,191
78416,Eileen,Calvert,eileen.calvert@gmail.com,563 Howard Estates Suite 863,Maestro,9317,96
34366,Elsie,Lanier,elsie.lanier@gmail.com,0980 Smith Glens,Diners Club / Carte Blanche,5941,51
2851,Ngoc,Mattson,ngoc.mattson@gmail.com,873 Leach Drive,Diners Club / Carte Blanche,7085,24
5354,Robert,Adams,robert.adams@gmail.com,89391 Rodriguez Corner,JCB 16 digit,9502,16
15381,Bernardo,Brown,bernardo.brown@gmail.com,99816 Alexis Glen Apt. 912,Mastercard,1053,198
19301,Brian,Mcnelis,brian.mcnelis@gmail.com,067 Gary Rue Apt. 957,Mastercard,4585,54
95073,Mary,Pham,mary.pham@gmail.com,5568 Patel Trail,Discover,4676,226
95126,Denise,Foster,denise.foster@gmail.com,1623 Henry Parks Apt. 326,Maestro,1117,99
18712,Shawn,Bates,shawn.bates@gmail.com,13865 Mckay Well Apt. 807,JCB 15 digit,7399,32
87522,Phyllis,Perez,phyllis.perez@gmail.com,553 Woods Bridge,American Express,7544,104
18145,Ann,Sellers,ann.sellers@gmail.com,551 Rebecca Mill Suite 249,VISA 16 digit,2108,158
63073,Leroy,Emerson,leroy.emerson@gmail.com,7101 Reilly Via Apt. 599,VISA 13 digit,8078,162
70380,Edward,Horn,edward.horn@gmail.com,07115 Miller Stravenue Suite 920,VISA 19 digit,3286,158
9638,James,Bewley,james.bewley@gmail.com,737 Crystal Green,JCB 16 digit,9845,222
64193,Donald,Reyes,donald.reyes@gmail.com,993 Bruce Crest Apt. 685,VISA 13 digit,2982,58
44393,Joseph,Chiles,joseph.chiles@gmail.com,4745 Doris Mews Apt. 121,Maestro,1867,164
15505,Matthew,Mcbride,matthew.mcbride@gmail.com,131 Caitlin Spring,JCB 16 digit,9484,204
56235,Virginia,Plank,virginia.plank@gmail.com,497 Jonathan Rue,JCB 15 digit,2544,135
41825,William,Thompson,william.thompson@gmail.com,5127 Jeffrey Centers Apt. 763,Maestro,9733,165
54050,Jeffrey,Poole,jeffrey.poole@gmail.com,18162 Powell Plains,Diners Club / Carte Blanche,6845,108
99218,Neil,Bretz,neil.bretz@gmail.com,639 Foley Spurs,Discover,4810,212
83978,Craig,Mcdermott,craig.mcdermott@gmail.com,0562 Simmons Burgs Suite 095,American Express,4306,192
32645,Sabrina,Jenkins,sabrina.jenkins@gmail.com,335 Jessica Summit,Discover,7137,154
5808,Gwendolyn,Gordon,gwendolyn.gordon@gmail.com,03341 Shannon Union,VISA 16 digit,1487,83
28581,Alfonso,Oneil,alfonso.oneil@gmail.com,55147 Morris Heights,VISA 19 digit,5356,202
34972,Velma,Sheffield,velma.sheffield@gmail.com,0749 Gregory Lodge,VISA 16 digit,9360,4
16254,John,Callahan,john.callahan@gmail.com,415 David Street,VISA 13 digit,9652,96
85187,Ryan,Hart,ryan.hart@gmail.com,0587 Koch Grove,VISA 13 digit,9552,3
2966,Erica,Prochak,erica.prochak@gmail.com,0916 Wood Port Apt. 133,American Express,1304,95
2478,Joyce,Carroll,joyce.carroll@gmail.com,896 Denise Highway Suite 912,Mastercard,4291,19
14414,Amber,Stevenson,amber.stevenson@gmail.com,932 Matthew Passage Apt. 292,VISA 19 digit,9059,158
38497,Lynn,Hardage,lynn.hardage@gmail.com,4711 Tammy Alley,VISA 16 digit,1508,153
30814,Floyd,Poitier,floyd.poitier@gmail.com,11005 Richard Vista,JCB 16 digit,4737,164
35255,Andrew,Williford,andrew.williford@gmail.com,9640 Jerry Ville,VISA 16 digit,4292,14
49427,Dustin,Tolley,dustin.tolley@gmail.com,215 David Spur,Maestro,2867,66
8752,William,Cooper,william.cooper@gmail.com,164 Vega Freeway,VISA 19 digit,1105,156
79990,Connie,Love,connie.love@gmail.com,93653 Ricardo Terrace Suite 715,JCB 15 digit,5707,113
9755,John,Sales,john.sales@gmail.com,5348 Garcia Common Apt. 115,JCB 15 digit,4122,227
18894,Carolyn,Scott,carolyn.scott@gmail.com,6010 Brett Turnpike,VISA 13 digit,1862,63
12903,Peter,Grimes,peter.grimes@gmail.com,7862 Jenkins Forks Suite 410,American Express,4875,48
54707,Albert,Heitmeyer,albert.heitmeyer@gmail.com,6014 Victoria Glen,JCB 16 digit,3113,11
31070,Frances,Gonzalez,frances.gonzalez@gmail.com,0529 Fletcher Lakes Apt. 894,Discover,2244,112
46438,Marshall,Nunemaker,marshall.nunemaker@gmail.com,278 Rodriguez Walks Apt. 767,VISA 16 digit,9823,140
7488,Guillermina,Slater,guillermina.slater@gmail.com,94642 Werner Radial,Discover,7976,90
50623,Stephanie,Castillo,stephanie.castillo@gmail.com,84791 Walls Coves Suite 282,VISA 16 digit,7556,83
29667,Helen,Lopez,helen.lopez@gmail.com,932 Joe Isle Apt. 171,Mastercard,5889,112
32836,Michael,Norwood,michael.norwood@gmail.com,3108 Tara Place Suite 352,JCB 15 digit,3119,63
61107,David,Drish,david.drish@gmail.com,009 Burch Cape Apt. 925,JCB 15 digit,5496,197
21542,Bernadette,King,bernadette.king@gmail.com,7294 Dixon Causeway,VISA 16 digit,8558,84
17924,Sue,Nguyen,sue.nguyen@gmail.com,5516 Samuel Squares,VISA 16 digit,6832,21
81046,Jose,Castrey,jose.castrey@gmail.com,8013 Taylor Heights,Discover,8411,196
84217,Lucas,Scott,lucas.scott@gmail.com,5311 Hart Locks,Diners Club / Carte Blanche,4651,187
31821,Judy,Bonds,judy.bonds@gmail.com,09042 Stevens Locks Apt. 877,VISA 19 digit,6887,18
18322,Mary,Cervantes,mary.cervantes@gmail.com,7580 Kimberly Station,JCB 16 digit,7090,58
79329,Patricia,Delo,patricia.delo@gmail.com,714 Rice Lane,JCB 16 digit,1939,127
26365,Rebecca,Mckernan,rebecca.mckernan@gmail.com,72382 Debra Road Suite 218,JCB 16 digit,2098,116
61318,James,Pieper,james.pieper@gmail.com,9839 Dickerson Skyway Suite 125,American Express,1688,20
47680,Elizabeth,Hasley,elizabeth.hasley@gmail.com,7794 Katherine Estate Suite 558,Discover,2747,210
44590,Mary,Simmons,mary.simmons@gmail.com,205 Hardy Roads Suite 190,VISA 13 digit,9923,58
2185,Dominic,Conway,dominic.conway@gmail.com,86947 Theresa Meadows,Diners Club / Carte Blanche,6737,110
77094,Arron,Peavy,arron.peavy@gmail.com,7611 Johnson Valley,Maestro,8576,162
60883,Jeffrey,Soto,jeffrey.soto@gmail.com,205 Matthew Plaza Apt. 502,Diners Club / Carte Blanche,9449,4
52446,Robert,Taegel,robert.taegel@gmail.com,7093 Patricia Ports,Diners Club / Carte Blanche,1270,5
32167,Stella,Toone,stella.toone@gmail.com,389 Martin Summit Suite 292,VISA 13 digit,8608,30
97027,Eugene,Goehner,eugene.goehner@gmail.com,89319 Jensen Spurs Suite 853,JCB 16 digit,6842,6
35861,Mae,Smith,mae.smith@gmail.com,3226 Kendra Parks Apt. 114,VISA 16 digit,8279,222
87237,James,Carlone,james.carlone@gmail.com,601 Rodney Fields Suite 807,VISA 16 digit,9763,6
18483,Marilyn,Frazier,marilyn.frazier@gmail.com,163 Bridget Lights Suite 474,VISA 13 digit,3012,91
84945,Marianne,Acosta,marianne.acosta@gmail.com,6674 Katherine Meadows Apt. 254,American Express,2124,41
51686,Donald,Rolfe,donald.rolfe@gmail.com,095 Michael Creek Apt. 491,Diners Club / Carte Blanche,2699,137
58110,Fernando,Underwood,fernando.underwood@gmail.com,81036 Rick Cove Suite 486,JCB 16 digit,2469,217
10202,Mary,Jarrell,mary.jarrell@gmail.com,39839 Hardy Point Apt. 480,VISA 13 digit,5992,228
65773,Nanette,Parker,nanette.parker@gmail.com,275 Thomas Falls,JCB 16 digit,8916,172
24252,Jesus,Oman,jesus.oman@gmail.com,4910 Prince Flat Apt. 139,JCB 15 digit,1239,212
8499,Mildred,Stump,mildred.stump@gmail.com,299 Christina Vista,JCB 16 digit,2766,129
77673,Joan,Johnston,joan.johnston@gmail.com,8343 Brooks Street,JCB 16 digit,5428,16
70568,Francisco,Boggs,francisco.boggs@gmail.com,5575 Justin Union Suite 732,JCB 15 digit,8994,52
16160,Charles,Sharp,charles.sharp@gmail.com,8988 Boyer Circles,Diners Club / Carte Blanche,4979,126
91031,David,Muller,david.muller@gmail.com,1498 Jessica Gardens Suite 851,VISA 16 digit,4467,8
81217,Hazel,Pollard,hazel.pollard@gmail.com,15700 Latasha Square Apt. 211,Discover,4217,130
90151,Belinda,Barer,belinda.barer@gmail.com,821 Woods Mountains,VISA 13 digit,4688,11
23994,Robert,Lewis,robert.lewis@gmail.com,4192 Andrew Stravenue,JCB 16 digit,3514,14
4929,Guy,Bryant,guy.bryant@gmail.com,29477 Chavez Street Apt. 674,Diners Club / Carte Blanche,1973,121
99043,Mark,Hedrick,mark.hedrick@gmail.com,16470 Kim Forest,Diners Club / Carte Blanche,7322,86
16007,Weston,Brill,weston.brill@gmail.com,763 Marcus Walk Suite 375,Maestro,7914,26
64743,Loretta,White,loretta.white@gmail.com,63837 Joshua Glen,JCB 16 digit,4098,24
48793,Allison,Doyle,allison.doyle@gmail.com,8157 Kenneth Common,American Express,9635,229
82792,Jorge,Ronning,jorge.ronning@gmail.com,6300 Michael Avenue Suite 422,Maestro,4530,229
85886,Kerri,Miller,kerri.miller@gmail.com,460 Morrow Ville Apt. 172,Mastercard,5271,111
35901,Barbara,Wortman,barbara.wortman@gmail.com,2434 Robert Centers,VISA 13 digit,4670,230
8069,Susan,Finkelstein,susan.finkelstein@gmail.com,7922 Pacheco Ports Apt. 583,VISA 13 digit,5603,170
50101,Florence,Thompson,florence.thompson@gmail.com,981 Sanders Stream,Mastercard,6499,202
61190,Joann,Bradley,joann.bradley@gmail.com,66949 Alexis Knolls Apt. 567,JCB 16 digit,7236,161
90562,Lori,Rex,lori.rex@gmail.com,59830 Mendoza Mills,VISA 19 digit,9150,42
90731,Kenneth,Mahon,kenneth.mahon@gmail.com,671 John View,American Express,4842,217
80181,Megan,Byron,megan.byron@gmail.com,5154 Adrienne Mountain,VISA 16 digit,7097,26
47013,Marilyn,Bagaoisan,marilyn.bagaoisan@gmail.com,5165 Brittany Port Apt. 674,JCB 16 digit,5763,217
88119,Jason,Mount,jason.mount@gmail.com,0274 Nathan Lodge,VISA 16 digit,6762,141
21028,Stephen,Niceswander,stephen.niceswander@gmail.com,7455 Ashley Islands Suite 980,VISA 16 digit,8789,59
26096,James,Ferguson,james.ferguson@gmail.com,28411 Gregory Isle Apt. 105,JCB 16 digit,6234,230
23675,Andrea,Conley,andrea.conley@gmail.com,7190 Alexandria Extensions,JCB 16 digit,6557,112
34981,Donald,Allender,donald.allender@gmail.com,064 Nelson Ramp Suite 198,American Express,8799,143
50510,David,Tiller,david.tiller@gmail.com,1716 Rangel Flats Suite 539,Maestro,4528,64
24522,Walter,Reynosa,walter.reynosa@gmail.com,337 Diaz Garden,VISA 16 digit,5021,196
44653,Johnathan,Floyd,johnathan.floyd@gmail.com,125 Baird Mill,Maestro,8919,128
61342,Margaret,Lavalette,margaret.lavalette@gmail.com,3464 Jennifer Rapids,VISA 19 digit,2781,205
65407,Warren,Cohen,warren.cohen@gmail.com,176 Jonathan Spur,VISA 13 digit,1621,53
57209,Larry,Avery,larry.avery@gmail.com,673 Sonia Vista Apt. 562,VISA 16 digit,9216,42
99322,William,Harward,william.harward@gmail.com,40293 Morris Path Suite 607,JCB 16 digit,4737,228
83372,Aaron,Wilson,aaron.wilson@gmail.com,0026 Jose Via,Discover,8772,34
92125,Cleora,Faulk,cleora.faulk@gmail.com,6496 Floyd Parkway Apt. 649,Mastercard,7119,133
32007,William,Payne,william.payne@gmail.com,3927 Michael Divide,American Express,3597,213
50362,Margarite,Griffin,margarite.griffin@gmail.com,6089 Michael Forks Suite 454,VISA 19 digit,3554,51
38367,Donald,Terman,donald.terman@gmail.com,045 Mary Track,JCB 16 digit,4150,228
90974,Cathy,Hunt,cathy.hunt@gmail.com,41438 Carney Cliffs Suite 474,JCB 15 digit,5419,99
72668,Joe,Lofton,joe.lofton@gmail.com,724 Galvan Forest,Maestro,5717,225
25063,Sylvia,Chavez,sylvia.chavez@gmail.com,4711 Leblanc Fork,VISA 16 digit,8077,135
66363,Anthony,Loera,anthony.loera@gmail.com,479 Walsh Tunnel,VISA 19 digit,3970,149
52950,Bradley,Pierce,bradley.pierce@gmail.com,16221 Hatfield Light Apt. 015,Maestro,3568,152
87474,Brenda,Cramer,brenda.cramer@gmail.com,708 Hartman Passage,JCB 15 digit,4429,195
65987,Margaret,Rivera,margaret.rivera@gmail.com,0935 Patrick Branch Apt. 678,Discover,6986,39
13770,Charlene,Endo,charlene.endo@gmail.com,792 George Underpass,Mastercard,5900,205
97778,Sean,Eychaner,sean.eychaner@gmail.com,530 Castillo Burgs,VISA 13 digit,8590,215
78694,Amanda,Lewis,amanda.lewis@gmail.com,179 Desiree Neck,Diners Club / Carte Blanche,1771,218
79495,Charles,Rogoff,charles.rogoff@gmail.com,7571 Richmond Valley Suite 577,VISA 13 digit,2498,10
67209,Doretha,Camacho,doretha.camacho@gmail.com,734 Huff Centers Apt. 285,Mastercard,6775,87
74252,Juliana,Kendal,juliana.kendal@gmail.com,35463 Evans Port Apt. 027,Diners Club / Carte Blanche,5628,146
1557,Yolanda,Hall,yolanda.hall@gmail.com,46992 Patterson Shoal Apt. 936,Mastercard,3362,103
60069,Catherine,Demaria,catherine.demaria@gmail.com,3347 Donald Ridges Suite 311,Mastercard,1636,147
65522,Mai,Medrano,mai.medrano@gmail.com,78204 Colleen Islands Suite 669,VISA 19 digit,6867,176
14158,Marvin,Day,marvin.day@gmail.com,45478 Steven Walks,Mastercard,4240,97
42933,Thomas,Featherston,thomas.featherston@gmail.com,928 Thomas Stravenue,Diners Club / Carte Blanche,9015,222
50597,Shannon,Fernandez,shannon.fernandez@gmail.com,52127 Steven Lake Suite 730,JCB 15 digit,5783,29
55648,Edward,Turnbull,edward.turnbull@gmail.com,99075 Anderson Branch Suite 710,JCB 16 digit,7347,162
8160,Daniella,Neubauer,daniella.neubauer@gmail.com,335 Roberts Plains Apt. 312,JCB 16 digit,1335,119
23234,Antonio,Jenkins,antonio.jenkins@gmail.com,70792 Hector Isle Suite 995,VISA 16 digit,8270,13
7592,Samuel,Brady,samuel.brady@gmail.com,479 Kyle Path Suite 407,JCB 15 digit,1471,17
40993,Peter,Portnoy,peter.portnoy@gmail.com,622 Marquez Harbor Apt. 044,VISA 16 digit,3396,112
8987,Veronica,Smith,veronica.smith@gmail.com,60601 Torres Spurs,JCB 15 digit,5512,46
48347,Sylvia,Romero,sylvia.romero@gmail.com,577 Peterson Inlet Apt. 371,JCB 15 digit,1812,229
53006,Gary,Quintanilla,gary.quintanilla@gmail.com,8275 Marquez Canyon,Maestro,5072,169
48507,Jennifer,Hohl,jennifer.hohl@gmail.com,3415 Timothy Squares Suite 046,Mastercard,9222,195
27822,Donald,Brown,donald.brown@gmail.com,07635 Luke Lane,American Express,5993,134
58374,Isabell,Dirico,isabell.dirico@gmail.com,1603 Edward Grove,JCB 15 digit,7076,66
63040,Edward,Mobley,edward.mobley@gmail.com,67350 Thomas Spur Apt. 859,VISA 16 digit,9512,222
88368,Bradley,Peachey,bradley.peachey@gmail.com,8559 Suzanne Parks Apt. 355,JCB 16 digit,2240,121
92183,Peggy,Cornelius,peggy.cornelius@gmail.com,61075 Mckee Extension,JCB 15 digit,6523,122
63148,Betty,Poole,betty.poole@gmail.com,7178 Rhodes Shore,Maestro,2844,61
28746,Hannah,Esterly,hannah.esterly@gmail.com,948 Gabriella Ville,JCB 16 digit,1267,161
67749,Suzanne,Nelms,suzanne.nelms@gmail.com,7232 Emily Mountains,VISA 13 digit,5508,7
97779,Dwayne,Enz,dwayne.enz@gmail.com,5232 Osborne Dale Suite 018,JCB 15 digit,7017,66
65948,Joyce,Farmer,joyce.farmer@gmail.com,5969 Jose Ridge Suite 687,Maestro,7469,112
40060,Marylou,Grant,marylou.grant@gmail.com,83913 Peter Pines Suite 608,Maestro,7396,183
72674,Brooks,Guest,brooks.guest@gmail.com,20937 Morrow Loop Apt. 550,JCB 15 digit,4196,136
76835,Madeline,Madden,madeline.madden@gmail.com,131 Randy Extensions,JCB 16 digit,6155,48
80193,Rebecca,Martinez,rebecca.martinez@gmail.com,48860 Teresa Pass,JCB 16 digit,7840,30
4172,Harry,Schultz,harry.schultz@gmail.com,1571 Tonya Ramp,Mastercard,3876,32
29933,Jose,Forsyth,jose.forsyth@gmail.com,6099 Berg Forges Suite 622,JCB 16 digit,8099,166
49334,Sharon,Norgaard,sharon.norgaard@gmail.com,091 Stacy Flats,VISA 16 digit,3555,220
55773,Florence,Hancock,florence.hancock@gmail.com,19587 Alexis Springs Suite 546,VISA 16 digit,4757,107
63789,George,Bigbee,george.bigbee@gmail.com,888 Frazier Oval,VISA 19 digit,8332,70
45751,William,Lauderdale,william.lauderdale@gmail.com,537 White Corner,Diners Club / Carte Blanche,7102,15
46398,Franklin,Lamper,franklin.lamper@gmail.com,94153 Jones Junction,JCB 15 digit,3993,129
37977,Jean,Motley,jean.motley@gmail.com,571 Manuel Mall Suite 416,JCB 16 digit,3191,11
49097,Guy,Beaty,guy.beaty@gmail.com,581 Sean Turnpike,JCB 16 digit,5840,79
44454,Rebecca,Mcdonough,rebecca.mcdonough@gmail.com,13836 Avila Ville,Maestro,9089,220
86035,Linda,Litchford,linda.litchford@gmail.com,72376 Andrew Overpass Suite 125,JCB 15 digit,2361,101
13208,Victor,Jayne,victor.jayne@gmail.com,0649 Young Parkways,VISA 13 digit,5173,78
35920,Frank,Anderson,frank.anderson@gmail.com,67410 Harris Parks,Mastercard,8170,178
17945,Patricia,Johnson,patricia.johnson@gmail.com,610 Aaron Hollow Suite 900,VISA 16 digit,9716,6
83719,Kim,Larocca,kim.larocca@gmail.com,452 Lambert Squares,Discover,5597,79
72248,George,Honore,george.honore@gmail.com,845 Phillips Canyon Apt. 118,Diners Club / Carte Blanche,8096,185
32963,Sharon,Yepez,sharon.yepez@gmail.com,895 Stephanie Tunnel,American Express,6263,15
69061,Ricky,Burns,ricky.burns@gmail.com,946 Lauren Oval Suite 916,Diners Club / Carte Blanche,3984,29
95850,Ronald,Stien,ronald.stien@gmail.com,096 Kristin Row,VISA 16 digit,1688,165
37996,Michael,Senz,michael.senz@gmail.com,054 Sims Brooks,VISA 13 digit,1418,205
68646,Bessie,Santomauro,bessie.santomauro@gmail.com,3457 Manuel Islands,Mastercard,8175,47
41775,Ann,Bradley,ann.bradley@gmail.com,817 Andrea Row,American Express,7150,151
41371,Merle,Wells,merle.wells@gmail.com,67044 Ford Wells,VISA 19 digit,9765,27
42826,Richard,Ford,richard.ford@gmail.com,22401 Wright Prairie Apt. 074,Mastercard,3975,57
1191,Hazel,Mcfarland,hazel.mcfarland@gmail.com,7407 Timothy Loop Suite 046,JCB 15 digit,7187,4
89582,Jimmie,Gantt,jimmie.gantt@gmail.com,14608 Steven Port Suite 788,Diners Club / Carte Blanche,3803,149
70381,Deborah,Sherman,deborah.sherman@gmail.com,99258 English Turnpike,JCB 16 digit,5244,110
82680,Thomas,Webb,thomas.webb@gmail.com,92614 Ochoa Valley,VISA 16 digit,6545,61
81127,Olimpia,Brown,olimpia.brown@gmail.com,2431 Crystal Ports,Discover,2630,6
85626,Ronald,Colvard,ronald.colvard@gmail.com,6822 Michael Drives Suite 975,VISA 13 digit,9111,147
18957,James,Stringer,james.stringer@gmail.com,02764 Campbell Squares Apt. 922,Diners Club / Carte Blanche,9959,218
6396,Carolyn,Gallegos,carolyn.gallegos@gmail.com,72741 John Centers,Discover,5846,2
92467,James,Mulch,james.mulch@gmail.com,02078 Andersen Centers,Discover,3297,156
42291,Samuel,Dillard,samuel.dillard@gmail.com,940 Davis Meadow Suite 978,Mastercard,2634,218
87107,Lena,Hendricks,lena.hendricks@gmail.com,4610 Edward Corner,Mastercard,1125,73
52476,George,Valentine,george.valentine@gmail.com,387 Scott Flats,Maestro,2260,153
73796,Ray,Bailey,ray.bailey@gmail.com,005 Carolyn Mill Apt. 579,Discover,8583,148
48161,Milton,Morrow,milton.morrow@gmail.com,121 Jones Locks,JCB 16 digit,6241,102
43734,Yolanda,Walters,yolanda.walters@gmail.com,1509 Robert Hill Suite 936,VISA 16 digit,4116,202
84355,Kerri,Owens,kerri.owens@gmail.com,41682 Gregory Meadows Apt. 743,JCB 16 digit,7681,165
5302,Paul,Kearney,paul.kearney@gmail.com,824 Hunt Ridge,JCB 15 digit,4956,81
92904,James,Coletti,james.coletti@gmail.com,24113 Schwartz Street Apt. 436,American Express,8889,25
40330,Joseph,Spears,joseph.spears@gmail.com,858 Shelly Springs,Discover,5563,214
62870,Max,Birchfield,max.birchfield@gmail.com,1927 Harris Points Apt. 040,Diners Club / Carte Blanche,9255,172
60011,Michael,Baker,michael.baker@gmail.com,527 Smith Vista,Diners Club / Carte Blanche,2552,168
38157,Flossie,Ford,flossie.ford@gmail.com,1240 Brandon Common Apt. 249,Discover,3545,52
59345,William,Darden,william.darden@gmail.com,01388 Nicole Freeway Suite 373,Maestro,3949,126
85880,Della,Mendoza,della.mendoza@gmail.com,1743 Grimes Passage Apt. 152,Diners Club / Carte Blanche,7808,205
18755,Dayna,Orr,dayna.orr@gmail.com,201 Stephenson Pine,Mastercard,3455,135
74301,Carol,Spencer,carol.spencer@gmail.com,32277 David Street Apt. 042,Maestro,9282,158
15921,Beatrice,Nguyen,beatrice.nguyen@gmail.com,97921 Merritt Tunnel,VISA 13 digit,8050,143
94462,Michael,Brennan,michael.brennan@gmail.com,049 Bruce Rapid,Diners Club / Carte Blanche,8181,49
2074,Philip,Mann,philip.mann@gmail.com,113 Hayes Cove,VISA 13 digit,7026,14
52302,Renee,Sousa,renee.sousa@gmail.com,3206 Burnett Bridge,Maestro,4552,202
55189,Paul,Mendez,paul.mendez@gmail.com,98319 David Locks Apt. 170,VISA 19 digit,6572,178
15358,Howard,Bridwell,howard.bridwell@gmail.com,7424 Andrew Club,JCB 16 digit,9229,105
70833,Mabel,Whyms,mabel.whyms@gmail.com,650 Scott Fall,VISA 19 digit,9887,38
98148,Jose,Steward,jose.steward@gmail.com,413 Doyle Island,Mastercard,1525,96
86773,Wanda,Colyer,wanda.colyer@gmail.com,168 Stephen Points Apt. 953,JCB 15 digit,9693,15
55831,Adeline,Sherry,adeline.sherry@gmail.com,84062 Meghan Port Suite 227,Mastercard,9818,186
74411,Louise,Davis,louise.davis@gmail.com,9220 Herrera Inlet Apt. 966,American Express,5691,109
15329,Esther,Searles,esther.searles@gmail.com,023 Jesus Parks Apt. 429,Maestro,9775,205
71758,Armando,Mudget,armando.mudget@gmail.com,4966 Alexandra Village Suite 784,JCB 16 digit,6222,191
69756,Sophia,Filgo,sophia.filgo@gmail.com,78417 Clark Brooks,Discover,1229,3
59607,Sharon,Lander,sharon.lander@gmail.com,9684 Jackson Manors,VISA 13 digit,1945,71
11044,Darcie,Herring,darcie.herring@gmail.com,272 Ross Way,American Express,2661,222
36800,Rebecca,Button,rebecca.button@gmail.com,44963 Kevin Forks Apt. 507,VISA 19 digit,5059,28
81989,Alfredo,White,alfredo.white@gmail.com,492 Smith Shoals,Maestro,5855,150
54379,Adrienne,Willis,adrienne.willis@gmail.com,117 Brown Lights Apt. 570,Diners Club / Carte Blanche,8139,76
98909,Arleen,Lawrence,arleen.lawrence@gmail.com,87670 Matthews Rue Suite 763,American Express,2275,41
90263,Aimee,Smith,aimee.smith@gmail.com,444 Johnson Passage,JCB 16 digit,4984,78
40909,Ruby,Wheaton,ruby.wheaton@gmail.com,49502 Richards Motorway Suite 932,American Express,9304,75
58248,Phyliss,Anderson,phyliss.anderson@gmail.com,1530 Christopher Crest Apt. 628,JCB 15 digit,5045,162
93346,Lindsey,Meinzer,lindsey.meinzer@gmail.com,4012 Eric Brooks,VISA 16 digit,5889,94
22514,Marie,Lawson,marie.lawson@gmail.com,978 Hicks Park Apt. 005,JCB 16 digit,9435,86
25044,Rachael,Zahner,rachael.zahner@gmail.com,801 Alexander Lights Apt. 095,VISA 19 digit,5511,130
33837,Frances,Gill,frances.gill@gmail.com,5081 Elizabeth Groves,American Express,3895,25
82160,Earl,Smith,earl.smith@gmail.com,393 Michael Highway Apt. 065,VISA 13 digit,4451,127
6931,Ralph,Cosgrove,ralph.cosgrove@gmail.com,067 Sarah Loaf,Maestro,3593,212
80263,Richard,Cherry,richard.cherry@gmail.com,463 Joseph Union Suite 331,JCB 16 digit,7023,76
31285,Thomas,Walker,thomas.walker@gmail.com,3569 Foster Roads,Mastercard,7967,35
87127,Sergio,Greenwood,sergio.greenwood@gmail.com,69605 Elizabeth Mountains,JCB 16 digit,6840,163
40799,Carl,Koral,carl.koral@gmail.com,0316 Julie Circle,VISA 16 digit,3125,183
70187,Byron,Workman,byron.workman@gmail.com,3499 Lori Fall Suite 136,JCB 16 digit,3771,166
58520,Richard,Ritschard,richard.ritschard@gmail.com,2872 Smith Viaduct Suite 791,JCB 15 digit,7688,113
66481,Tina,Whitehead,tina.whitehead@gmail.com,977 Dawn Wells,VISA 19 digit,9444,36
44281,Floyd,Smithson,floyd.smithson@gmail.com,117 Shannon Stream Suite 993,JCB 16 digit,8494,179
22154,James,Crump,james.crump@gmail.com,8405 Park Course Apt. 901,JCB 15 digit,4350,231
21347,James,Jones,james.jones@gmail.com,22749 Misty Corners Apt. 490,VISA 16 digit,8473,90
2717,Michelle,Campbell,michelle.campbell@gmail.com,064 Sanford Flats,Discover,3302,135
58632,Michael,Bellanger,michael.bellanger@gmail.com,01344 Oliver Stravenue Suite 828,JCB 16 digit,7752,69
44877,Candice,Roche,candice.roche@gmail.com,133 Williams Stravenue Suite 951,Diners Club / Carte Blanche,7837,203
34801,James,Garcia,james.garcia@gmail.com,171 Rodney Street Apt. 667,Mastercard,2186,193
58627,Dorothy,Tucker,dorothy.tucker@gmail.com,415 Jenny Junctions Apt. 924,American Express,9909,129
58179,Elaine,Walson,elaine.walson@gmail.com,06681 Shannon Valley Suite 234,VISA 13 digit,3363,227
74442,Heather,Halbert,heather.halbert@gmail.com,4085 Montoya Spurs Apt. 526,VISA 16 digit,2158,190
96739,Tricia,Do,tricia.do@gmail.com,235 John Plains Suite 535,Discover,1890,69
58187,Janice,Cannata,janice.cannata@gmail.com,083 Pierce Corners,Diners Club / Carte Blanche,7819,130
85677,Wayne,Salinas,wayne.salinas@gmail.com,95161 Allen Creek,JCB 15 digit,1935,39
69463,Aaron,Anderson,aaron.anderson@gmail.com,0851 Chase Brook,VISA 13 digit,8423,173
94171,Jeffrey,Hall,jeffrey.hall@gmail.com,24665 Rodney Overpass Apt. 131,JCB 16 digit,4929,74
33864,Robert,Michaud,robert.michaud@gmail.com,7065 Kevin Estates Apt. 440,VISA 16 digit,4000,34
29448,Annie,Whitson,annie.whitson@gmail.com,9446 Bishop Trail Suite 694,JCB 16 digit,5405,50
1502,Judy,Morris,judy.morris@gmail.com,2067 Pamela Loop Suite 711,VISA 13 digit,1214,27
20295,Lucie,Fleck,lucie.fleck@gmail.com,67619 Oliver Views,Discover,8612,23
27220,Dawn,Schiller,dawn.schiller@gmail.com,22895 Perez Fork Apt. 488,JCB 16 digit,7624,143
6225,Matthew,Follick,matthew.follick@gmail.com,534 Lori Grove Suite 300,VISA 19 digit,1217,74
7669,Brenda,Goode,brenda.goode@gmail.com,476 Rebecca Shores Apt. 579,Mastercard,3604,18
97256,Felipe,Cureton,felipe.cureton@gmail.com,9709 Sandra Estate,JCB 15 digit,2674,60
19818,Maurice,Williams,maurice.williams@gmail.com,408 Stephanie Rapids Suite 857,American Express,4337,198
97334,Dennis,Faulkner,dennis.faulkner@gmail.com,29845 Moses Spurs Apt. 757,Discover,1532,78
26958,Jo,Padilla,jo.padilla@gmail.com,652 Nathan Island,Diners Club / Carte Blanche,3083,119
1766,Susan,Smith,susan.smith@gmail.com,026 Isaac Run,JCB 15 digit,9167,152
73549,Thomas,Manning,thomas.manning@gmail.com,84302 Fernandez Locks,VISA 16 digit,7848,80
22422,Annie,Barfield,annie.barfield@gmail.com,7902 Joseph Field,VISA 13 digit,2134,209
25546,James,Allen,james.allen@gmail.com,208 Joseph Rapids,American Express,5640,203
42652,Edith,Sanders,edith.sanders@gmail.com,9261 Walton Road,VISA 16 digit,1615,201
52874,Eunice,Myers,eunice.myers@gmail.com,98792 Williamson Brook Suite 176,Discover,7512,85
6769,John,Bergeron,john.bergeron@gmail.com,992 Charles Prairie Suite 065,VISA 19 digit,7597,214
18669,Lavern,Middleton,lavern.middleton@gmail.com,33898 Bradley Grove Suite 139,JCB 15 digit,1453,130
83566,Carrie,Clemons,carrie.clemons@gmail.com,7154 Alexis Ports,Maestro,2769,232
67496,Teresa,Hanna,teresa.hanna@gmail.com,971 Brandy Station,JCB 16 digit,4445,99
41976,Justin,Paulo,justin.paulo@gmail.com,268 Alejandro Loop Suite 712,Discover,4806,109
27674,Miguel,Tucker,miguel.tucker@gmail.com,073 Alexander Falls,JCB 15 digit,4414,159
56480,Ann,Smith,ann.smith@gmail.com,072 Taylor Walk Apt. 807,JCB 16 digit,2028,83
80733,Mary,Casler,mary.casler@gmail.com,569 Carney Stream Apt. 809,VISA 16 digit,9877,160
14192,George,Gerwig,george.gerwig@gmail.com,7912 Martinez Flats Apt. 492,Maestro,9402,31
52832,William,Bernard,william.bernard@gmail.com,11508 Williams Place,VISA 13 digit,2557,209
62230,Debra,Davis,debra.davis@gmail.com,7398 Brown Roads,American Express,8398,146
68442,Diana,Benscoter,diana.benscoter@gmail.com,7123 William Spur,Mastercard,3237,94
5187,Frank,Ortiz,frank.ortiz@gmail.com,6008 Reid Plaza,VISA 13 digit,3835,133
99986,Mildred,Craven,mildred.craven@gmail.com,2148 Whitaker Stravenue Apt. 900,JCB 16 digit,4110,85
58119,Thomas,Skutt,thomas.skutt@gmail.com,82211 Harrison Port Apt. 582,Mastercard,9178,15
47564,Alice,Hood,alice.hood@gmail.com,05499 Mark Turnpike,VISA 16 digit,3907,226
15704,Darlene,Brizuela,darlene.brizuela@gmail.com,1237 Torres Islands,JCB 16 digit,6060,35
67185,Dorothy,Eatman,dorothy.eatman@gmail.com,5979 Powell Route,VISA 16 digit,7650,176
10237,Charlie,Foster,charlie.foster@gmail.com,890 Lisa Glen Apt. 043,American Express,9950,27
70746,Andrew,Guerrero,andrew.guerrero@gmail.com,92354 Carlos Hills,Mastercard,2243,174
7655,Curtis,Simpson,curtis.simpson@gmail.com,40681 George Causeway Suite 754,Discover,1033,56
88931,Whitney,Vanhouten,whitney.vanhouten@gmail.com,589 Clark Locks,VISA 16 digit,1542,95
3243,Kimberly,Price,kimberly.price@gmail.com,437 Miller Grove,VISA 13 digit,4926,177
5140,Bonnie,Jarvis,bonnie.jarvis@gmail.com,41391 Dustin Centers,VISA 19 digit,6141,179
43,Sharon,Schmidt,sharon.schmidt@gmail.com,6049 Jared Pines Apt. 324,JCB 15 digit,5567,168
89527,Margaret,Rodriquez,margaret.rodriquez@gmail.com,00556 Pace Road Suite 245,Discover,5865,74
16265,Elizabeth,Carpenter,elizabeth.carpenter@gmail.com,72816 Booth Crossroad Apt. 097,JCB 15 digit,6138,158
94592,Michael,Gilmore,michael.gilmore@gmail.com,4410 Shelby Course,VISA 19 digit,2912,78
51611,Michele,Flynn,michele.flynn@gmail.com,5297 Adams Club,Maestro,8009,75
52656,Scott,Upton,scott.upton@gmail.com,2892 Martin Cliff Suite 936,Maestro,4022,198
64749,Edith,Langford,edith.langford@gmail.com,532 Alvarez Springs Suite 774,VISA 16 digit,8285,158
52530,James,Brazier,james.brazier@gmail.com,46355 Gardner Viaduct,Discover,6140,110
32008,Kerri,Mcglothlin,kerri.mcglothlin@gmail.com,31421 Linda Trail Suite 023,VISA 19 digit,3627,212
383,Carol,Shield,carol.shield@gmail.com,178 Sanders Meadow Suite 270,VISA 16 digit,5694,54
54991,Victor,Collins,victor.collins@gmail.com,5226 Graves Falls,Maestro,8352,160
67922,Ann,Thompson,ann.thompson@gmail.com,30877 Guerra Crescent Apt. 816,VISA 16 digit,4067,230
7486,Cheryl,Reiher,cheryl.reiher@gmail.com,961 Bryan Stream,Diners Club / Carte Blanche,6563,225
22840,Linda,Mcdougal,linda.mcdougal@gmail.com,8566 Carter Walks,Discover,9322,160
22052,Chad,Brousseau,chad.brousseau@gmail.com,08091 Aaron Expressway Suite 082,JCB 15 digit,7636,132
38473,Brett,Reyes,brett.reyes@gmail.com,282 Megan Village Suite 690,VISA 16 digit,9739,192
75747,Donald,Pach,donald.pach@gmail.com,3698 Clark Forges Suite 393,Diners Club / Carte Blanche,9363,212
43030,Marcia,Ruiz,marcia.ruiz@gmail.com,78610 Jackson Terrace,VISA 16 digit,4701,197
28365,William,Cisneros,william.cisneros@gmail.com,900 Jennifer Village Apt. 683,Diners Club / Carte Blanche,1307,180
25216,Randall,Haskins,randall.haskins@gmail.com,42213 Hoffman Keys,JCB 15 digit,4077,10
61373,Mamie,Golden,mamie.golden@gmail.com,4667 Webb Route Suite 269,JCB 16 digit,8825,160
25946,Rebecca,Jordan,rebecca.jordan@gmail.com,0582 Clark Hills Apt. 908,Maestro,2031,193
22737,Paula,Camden,paula.camden@gmail.com,106 Christine Forges Suite 681,Mastercard,5751,27
21395,Roberto,Burpee,roberto.burpee@gmail.com,46622 Wilson Alley Apt. 477,JCB 16 digit,8093,233
10080,Justin,Difilippo,justin.difilippo@gmail.com,77934 Brian Bridge,VISA 19 digit,3617,172
76813,Frances,Wells,frances.wells@gmail.com,863 Leslie Mission,JCB 16 digit,1582,234
75891,Denise,Gallo,denise.gallo@gmail.com,4593 Gutierrez Meadows Suite 843,JCB 16 digit,4037,73
49900,Joann,Stansberry,joann.stansberry@gmail.com,7350 Matthew Ridges,Mastercard,1177,98
19523,Suzanne,Vaughn,suzanne.vaughn@gmail.com,778 Gonzalez Hill Suite 737,Discover,6427,3
95512,Ricky,Vermeesch,ricky.vermeesch@gmail.com,056 Scott Island,American Express,8117,63
49977,Ross,Goldberg,ross.goldberg@gmail.com,478 Michael Shoal,Discover,9244,34
64528,Clarence,Gearheart,clarence.gearheart@gmail.com,85411 Miller Road Apt. 444,VISA 13 digit,6248,54
84364,Colleen,Anderson,colleen.anderson@gmail.com,088 Cindy Brook Apt. 226,VISA 13 digit,3399,72
34481,Charles,Thomas,charles.thomas@gmail.com,5580 Curtis Curve,Diners Club / Carte Blanche,7461,99
42883,William,Welch,william.welch@gmail.com,335 Jamie Shores,Diners Club / Carte Blanche,5694,212
96832,Seth,Oviedo,seth.oviedo@gmail.com,0012 Marshall Walk,JCB 16 digit,8152,125
38758,Mary,Laxson,mary.laxson@gmail.com,9901 Jessica Tunnel Suite 769,VISA 16 digit,9849,68
78799,Gerald,Cannady,gerald.cannady@gmail.com,13743 Cynthia Rapid Suite 477,JCB 15 digit,6934,182
82279,Randy,Thomason,randy.thomason@gmail.com,68444 Gates Creek Apt. 582,Maestro,1839,148
31320,Douglas,Craft,douglas.craft@gmail.com,813 Heather Freeway Apt. 111,VISA 16 digit,9646,112
70618,Cathy,Faulk,cathy.faulk@gmail.com,2687 Ramirez Shore Apt. 663,Maestro,5628,160
82819,Agnes,Tototzintle,agnes.tototzintle@gmail.com,4993 Walters Village,American Express,2841,160
96287,Augusta,Messner,augusta.messner@gmail.com,61688 Cody Rest Suite 552,Maestro,2830,187
66749,Elizabeth,Lorber,elizabeth.lorber@gmail.com,427 Bailey Ford,JCB 16 digit,2203,27
4507,Maria,Willis,maria.willis@gmail.com,441 Hall Vista,JCB 16 digit,6810,70
26972,Donna,Sperrey,donna.sperrey@gmail.com,646 Norman Islands Suite 358,Mastercard,3579,165
28395,Christopher,Leonard,christopher.leonard@gmail.com,96614 Taylor Ramp Suite 884,VISA 16 digit,4833,122
75909,Charles,Taylor,charles.taylor@gmail.com,91733 Derek View,JCB 16 digit,3907,234
61978,Antoine,Logan,antoine.logan@gmail.com,517 Brandon Point Suite 381,American Express,1174,114
21078,Hector,Vazquez,hector.vazquez@gmail.com,401 Wallace Neck,VISA 13 digit,1695,65
75634,Martha,Cofield,martha.cofield@gmail.com,7823 John Bridge,VISA 19 digit,7365,88
31429,Dustin,Pettaway,dustin.pettaway@gmail.com,720 Christina Drive Suite 746,Diners Club / Carte Blanche,8681,144
50579,Frank,Walsh,frank.walsh@gmail.com,18988 Michelle Flat,VISA 13 digit,1106,222
19237,Rebecca,Graham,rebecca.graham@gmail.com,581 George Roads,JCB 16 digit,7605,52
71311,Shannon,Lane,shannon.lane@gmail.com,28956 Cardenas Hill Suite 939,JCB 16 digit,1158,216
48875,Jessica,Adams,jessica.adams@gmail.com,4132 Williams Crest Suite 654,VISA 16 digit,5243,214
90947,Clare,Newell,clare.newell@gmail.com,8498 Samuel Rapid,VISA 16 digit,8135,71
73267,John,Kwan,john.kwan@gmail.com,2664 Jessica Gateway Suite 192,Discover,3150,2
63245,Ryan,Pierce,ryan.pierce@gmail.com,18302 Monica Cape,VISA 19 digit,7795,103
88884,Teresa,Lawson,teresa.lawson@gmail.com,137 Smith Ridges,VISA 19 digit,4597,123
45558,Luis,Mcdonald,luis.mcdonald@gmail.com,0378 Danielle Islands Suite 391,JCB 16 digit,5316,98
895,Deshawn,Frye,deshawn.frye@gmail.com,6066 Taylor Route,JCB 15 digit,4604,229
63274,Sebastian,Brown,sebastian.brown@gmail.com,0374 White Ranch,Mastercard,4716,235
17732,John,Smith,john.smith@gmail.com,778 Gray Knoll,Diners Club / Carte Blanche,6991,182
82441,Erin,Moore,erin.moore@gmail.com,672 Barber Cliffs,Discover,4721,193
92655,Susan,Villalobos,susan.villalobos@gmail.com,254 Mary Estates,JCB 15 digit,8369,174
75119,Kimberly,Creed,kimberly.creed@gmail.com,818 Williams Mills,Discover,7674,57
94916,Isaac,Martin,isaac.martin@gmail.com,140 Ortiz Village,JCB 16 digit,9403,69
95320,Elsie,Woody,elsie.woody@gmail.com,281 Amber Shores,VISA 16 digit,7366,27
76865,John,Piper,john.piper@gmail.com,942 Holmes Turnpike,VISA 16 digit,6838,2
18369,Alisha,Beauvais,alisha.beauvais@gmail.com,544 Henderson Club,VISA 19 digit,4062,103
73956,Zena,Sears,zena.sears@gmail.com,245 Stevens Falls,Diners Club / Carte Blanche,9959,131
79270,Travis,Summerhill,travis.summerhill@gmail.com,48733 Scott Motorway,Discover,3867,161
29746,Elizabeth,Perry,elizabeth.perry@gmail.com,2282 Wilson Mill,Mastercard,8523,43
48100,Alana,Arredondo,alana.arredondo@gmail.com,14834 Chase Glens Suite 771,JCB 16 digit,2962,142
58441,Michelle,Lukes,michelle.lukes@gmail.com,0469 Alexander Mission,VISA 16 digit,5351,24
504,Joseph,Dawkins,joseph.dawkins@gmail.com,87821 John Islands,Discover,2829,218
30913,Barry,Hicks,barry.hicks@gmail.com,8675 Kevin Walk,Discover,4284,217
35517,Samuel,Gonzales,samuel.gonzales@gmail.com,017 Kennedy Freeway,Maestro,6144,144
88385,Shawn,Mcneil,shawn.mcneil@gmail.com,920 Katie Square Suite 942,Diners Club / Carte Blanche,7794,28
38805,Gary,Brenton,gary.brenton@gmail.com,59805 Lang Pine Suite 564,VISA 16 digit,2264,180
81001,Donald,Koch,donald.koch@gmail.com,586 Angela Viaduct,Maestro,9577,73
73311,Whitney,Barfield,whitney.barfield@gmail.com,2508 Rachel Harbor Suite 656,VISA 16 digit,6499,190
6025,Lily,Gaines,lily.gaines@gmail.com,933 Stephanie Motorway Apt. 581,VISA 16 digit,4010,111
21451,Pearl,Farrell,pearl.farrell@gmail.com,39548 Kayla Overpass Apt. 373,Maestro,5406,36
99179,Jorge,Foshee,jorge.foshee@gmail.com,3476 Tamara Alley,VISA 16 digit,7998,1
94422,Amanda,Howard,amanda.howard@gmail.com,3476 Debra Mill Suite 674,Maestro,6324,130
47081,Ambrose,Richter,ambrose.richter@gmail.com,750 Atkins Branch,VISA 16 digit,6674,97
95726,Gregory,White,gregory.white@gmail.com,467 Richard Rest,VISA 19 digit,6692,55
92303,Alease,Remaley,alease.remaley@gmail.com,177 Jessica Oval,VISA 19 digit,2335,184
52636,Joann,Boothe,joann.boothe@gmail.com,3768 Davis Run,VISA 16 digit,2552,78
71071,Patricia,Warren,patricia.warren@gmail.com,0475 Emily Harbor Apt. 221,JCB 15 digit,6374,200
11744,Bill,Ramsey,bill.ramsey@gmail.com,0839 Benitez Villages,American Express,4498,121
10638,Stephen,Obrien,stephen.obrien@gmail.com,776 Robertson Stravenue Apt. 155,Mastercard,7089,121
78424,Carmen,Hornung,carmen.hornung@gmail.com,6687 Betty Ranch,Mastercard,7903,173
48883,Arthur,Morad,arthur.morad@gmail.com,1604 Mikayla Light,VISA 16 digit,4669,114
27962,Michelle,Macpartland,michelle.macpartland@gmail.com,026 Joseph Walk Apt. 094,VISA 19 digit,1857,71
45221,Joe,Pereyda,joe.pereyda@gmail.com,32890 Kimberly Forks,Diners Club / Carte Blanche,9878,163
37171,Jeffrey,Straker,jeffrey.straker@gmail.com,5055 Reginald Forest Suite 132,Mastercard,8460,151
70361,Randy,Blake,randy.blake@gmail.com,3078 Lucas Overpass,JCB 16 digit,7840,174
15248,Denny,Richardson,denny.richardson@gmail.com,7563 David Trafficway,VISA 13 digit,7267,7
78353,Ida,Luciano,ida.luciano@gmail.com,566 Anthony Streets Apt. 931,Maestro,6609,223
2481,Sean,Menear,sean.menear@gmail.com,83739 Walton Square Apt. 833,Maestro,9841,36
11573,Gloria,Mandel,gloria.mandel@gmail.com,6735 Sosa Vista,JCB 16 digit,6226,227
52796,Barbara,Litecky,barbara.litecky@gmail.com,82549 Christina Streets,JCB 16 digit,3560,149
73362,Jean,Davidson,jean.davidson@gmail.com,58804 Scott Skyway Suite 365,Maestro,7478,118
